-- MySQL dump 10.13  Distrib 8.0.22, for Win64 (x86_64)
--
-- Host: 127.0.0.1    Database: fixdatajava
-- ------------------------------------------------------
-- Server version	8.0.22

/*!40101 SET @OLD_CHARACTER_SET_CLIENT=@@CHARACTER_SET_CLIENT */;
/*!40101 SET @OLD_CHARACTER_SET_RESULTS=@@CHARACTER_SET_RESULTS */;
/*!40101 SET @OLD_COLLATION_CONNECTION=@@COLLATION_CONNECTION */;
/*!50503 SET NAMES utf8 */;
/*!40103 SET @OLD_TIME_ZONE=@@TIME_ZONE */;
/*!40103 SET TIME_ZONE='+00:00' */;
/*!40014 SET @OLD_UNIQUE_CHECKS=@@UNIQUE_CHECKS, UNIQUE_CHECKS=0 */;
/*!40014 SET @OLD_FOREIGN_KEY_CHECKS=@@FOREIGN_KEY_CHECKS, FOREIGN_KEY_CHECKS=0 */;
/*!40101 SET @OLD_SQL_MODE=@@SQL_MODE, SQL_MODE='NO_AUTO_VALUE_ON_ZERO' */;
/*!40111 SET @OLD_SQL_NOTES=@@SQL_NOTES, SQL_NOTES=0 */;

--
-- Table structure for table `bill_details`
--

DROP TABLE IF EXISTS `bill_details`;
/*!40101 SET @saved_cs_client     = @@character_set_client */;
/*!50503 SET character_set_client = utf8mb4 */;
CREATE TABLE `bill_details` (
  `id_bill` varchar(100) CHARACTER SET utf8 COLLATE utf8_unicode_ci DEFAULT NULL,
  `id_product` varchar(100) CHARACTER SET utf8 COLLATE utf8_unicode_ci NOT NULL,
  `quanlity` int NOT NULL,
  KEY `Bill_details_ibfk_1` (`id_bill`),
  KEY `Bill_details_ibfk_2` (`id_product`),
  CONSTRAINT `Bill_details_ibfk_1` FOREIGN KEY (`id_bill`) REFERENCES `bills` (`id_bill`),
  CONSTRAINT `Bill_details_ibfk_2` FOREIGN KEY (`id_product`) REFERENCES `products` (`id_product`)
) ENGINE=InnoDB DEFAULT CHARSET=utf8;
/*!40101 SET character_set_client = @saved_cs_client */;

--
-- Dumping data for table `bill_details`
--

LOCK TABLES `bill_details` WRITE;
/*!40000 ALTER TABLE `bill_details` DISABLE KEYS */;
INSERT INTO `bill_details` VALUES ('92XL28VR','15',2),('66XM56OF','25',1),('08QR67QG','7',1),('77QZ77RH','10',1),('63EC33IQ','18',1),('44DB92OL','7',1);
/*!40000 ALTER TABLE `bill_details` ENABLE KEYS */;
UNLOCK TABLES;

--
-- Table structure for table `bills`
--

DROP TABLE IF EXISTS `bills`;
/*!40101 SET @saved_cs_client     = @@character_set_client */;
/*!50503 SET character_set_client = utf8mb4 */;
CREATE TABLE `bills` (
  `id_bill` varchar(100) CHARACTER SET utf8 COLLATE utf8_unicode_ci NOT NULL,
  `id_user` varchar(100) CHARACTER SET utf8 COLLATE utf8_unicode_ci DEFAULT NULL,
  `date_order` timestamp NULL DEFAULT NULL,
  `bill_status` int DEFAULT NULL,
  `total` int DEFAULT NULL,
  `address_delivery` varchar(100) CHARACTER SET utf8 COLLATE utf8_unicode_ci DEFAULT NULL,
  PRIMARY KEY (`id_bill`),
  KEY `id_user` (`id_user`),
  KEY `id_products` (`address_delivery`),
  CONSTRAINT `Bills_ibfk_1` FOREIGN KEY (`id_user`) REFERENCES `user` (`id_user`)
) ENGINE=InnoDB DEFAULT CHARSET=utf8;
/*!40101 SET character_set_client = @saved_cs_client */;

--
-- Dumping data for table `bills`
--

LOCK TABLES `bills` WRITE;
/*!40000 ALTER TABLE `bills` DISABLE KEYS */;
INSERT INTO `bills` VALUES ('08QR67QG','M7AV7U1F','2020-12-11 16:16:40',2,5690500,'8/79 Nguyễn Đình Khơi, P4, Q.TB'),('44DB92OL','K0UKDASB','2020-12-11 16:21:21',0,5690500,'351 Lạc Long Quân, P5,Q11,HCM'),('63EC33IQ','K0UKDASB','2020-12-11 16:20:10',0,29440500,'222 Lê Văn Sĩ, P14, Q3, HCM'),('66XM56OF','M7AV7U1F','2020-12-11 16:14:34',1,28290000,'8/79 Nguyễn Đình Khơi, P4, Q.TB'),('77QZ77RH','M7AV7U1F','2020-12-11 16:19:04',0,2590000,'8/79 Nguyễn Đình khơi, P4, QTB,HCM'),('92XL28VR','81P36KGK','2020-12-11 16:13:17',0,36000000,'222 Lê Văn Sĩ, p14, q3');
/*!40000 ALTER TABLE `bills` ENABLE KEYS */;
UNLOCK TABLES;

--
-- Table structure for table `product_image`
--

DROP TABLE IF EXISTS `product_image`;
/*!40101 SET @saved_cs_client     = @@character_set_client */;
/*!50503 SET character_set_client = utf8mb4 */;
CREATE TABLE `product_image` (
  `id_product` varchar(100) CHARACTER SET utf8 COLLATE utf8_unicode_ci DEFAULT NULL,
  `image` varchar(250) DEFAULT NULL,
  KEY `id_product` (`id_product`),
  CONSTRAINT `Product_image_ibfk_1` FOREIGN KEY (`id_product`) REFERENCES `products` (`id_product`)
) ENGINE=InnoDB DEFAULT CHARSET=utf8;
/*!40101 SET character_set_client = @saved_cs_client */;

--
-- Dumping data for table `product_image`
--

LOCK TABLES `product_image` WRITE;
/*!40000 ALTER TABLE `product_image` DISABLE KEYS */;
INSERT INTO `product_image` VALUES ('4','https://res.cloudinary.com/dwgsm5xpa/image/upload/v1606491847/Image/iPhone%206S%20Plus%2032GB/Iphone-6-plus-4_iumwdg.png'),('4','https://res.cloudinary.com/dwgsm5xpa/image/upload/v1606491842/Image/iPhone%206S%20Plus%2032GB/Iphone-6-plus-6_ijhyjl.jpg'),('4','https://res.cloudinary.com/dwgsm5xpa/image/upload/v1606491841/Image/iPhone%206S%20Plus%2032GB/Iphone-6-plus-2_termjt.jpg'),('4','https://res.cloudinary.com/dwgsm5xpa/image/upload/v1606491833/Image/iPhone%206S%20Plus%2032GB/Iphone-6-plus-5_hbqxw5.jpg'),('4','https://res.cloudinary.com/dwgsm5xpa/image/upload/v1606491829/Image/iPhone%206S%20Plus%2032GB/Iphone-6-plus-3_oasvzs.jpg'),('5','https://res.cloudinary.com/dwgsm5xpa/image/upload/v1606492359/Image/iPhone%207%20Plus%20128Gb/iphone-7-plus-5_f33iwf.jpg'),('5','https://res.cloudinary.com/dwgsm5xpa/image/upload/v1606492359/Image/iPhone%207%20Plus%20128Gb/iphone-7-plus-1_ivqbjf.jpg'),('5','https://res.cloudinary.com/dwgsm5xpa/image/upload/v1606492359/Image/iPhone%207%20Plus%20128Gb/iphone-7-plus-4_u2iqsq.jpg'),('5','https://res.cloudinary.com/dwgsm5xpa/image/upload/v1606492359/Image/iPhone%207%20Plus%20128Gb/iphone-7-plus-3_henzzj.jpg'),('5','https://res.cloudinary.com/dwgsm5xpa/image/upload/v1606492359/Image/iPhone%207%20Plus%20128Gb/iphone-7-plus-2_xnqpbs.jpg'),('6','https://res.cloudinary.com/dwgsm5xpa/image/upload/v1606492485/Image/Apple%20iPhone%208%2064GB/iphone-8-5_byj5qm.jpg'),('6','https://res.cloudinary.com/dwgsm5xpa/image/upload/v1606492485/Image/Apple%20iPhone%208%2064GB/iphone-8-2_zr44nl.jpg'),('6','https://res.cloudinary.com/dwgsm5xpa/image/upload/v1606492485/Image/Apple%20iPhone%208%2064GB/iphone-8-1_vsjmil.jpg'),('6','https://res.cloudinary.com/dwgsm5xpa/image/upload/v1606492485/Image/Apple%20iPhone%208%2064GB/iphone-8-4_jqvof5.jpg'),('6','https://res.cloudinary.com/dwgsm5xpa/image/upload/v1606492485/Image/Apple%20iPhone%208%2064GB/iphone-8-3_vdqwmn.jpg'),('7','https://res.cloudinary.com/dwgsm5xpa/image/upload/v1606492574/Image/Realme%205%20Pro%204GB/realme5-pro_ohtwmp.jpg'),('7','https://res.cloudinary.com/dwgsm5xpa/image/upload/v1606492574/Image/Realme%205%20Pro%204GB/realme5-pro-5_gsnr82.jpg'),('7','https://res.cloudinary.com/dwgsm5xpa/image/upload/v1606492573/Image/Realme%205%20Pro%204GB/realme5-pro-2_iumolx.jpg'),('7','https://res.cloudinary.com/dwgsm5xpa/image/upload/v1606492573/Image/Realme%205%20Pro%204GB/realme5-pro-3_mlyvgd.jpg'),('7','https://res.cloudinary.com/dwgsm5xpa/image/upload/v1606492573/Image/Realme%205%20Pro%204GB/realme5-pro-4_i9volu.jpg'),('8','https://res.cloudinary.com/dwgsm5xpa/image/upload/v1606492674/Image/Realme%20X%204GB/realmeX-5_r3rwxl.jpg'),('8','https://res.cloudinary.com/dwgsm5xpa/image/upload/v1606492674/Image/Realme%20X%204GB/realmeX-1_oaqha2.jpg'),('8','https://res.cloudinary.com/dwgsm5xpa/image/upload/v1606492673/Image/Realme%20X%204GB/realmeX-2_ljnue0.jpg'),('8','https://res.cloudinary.com/dwgsm5xpa/image/upload/v1606492674/Image/Realme%20X%204GB/realmeX-4_msoc08.jpg'),('8','https://res.cloudinary.com/dwgsm5xpa/image/upload/v1606492673/Image/Realme%20X%204GB/realmeX-3_u2teke.jpg'),('9','https://res.cloudinary.com/dwgsm5xpa/image/upload/v1606492764/Image/Vsmart%20Aris%206gb%20-%2064%20gb/vsmart-aris-3_eafdvb.jpg'),('9','https://res.cloudinary.com/dwgsm5xpa/image/upload/v1606492765/Image/Vsmart%20Aris%206gb%20-%2064%20gb/vsmart-aris-1_zwtuhq.jpg'),('9','https://res.cloudinary.com/dwgsm5xpa/image/upload/v1606492764/Image/Vsmart%20Aris%206gb%20-%2064%20gb/vsmart-aris-2_ajrpbc.jpg'),('9','https://res.cloudinary.com/dwgsm5xpa/image/upload/v1606492764/Image/Vsmart%20Aris%206gb%20-%2064%20gb/vsmart-aris-4_xn0xj7.jpg'),('9','https://res.cloudinary.com/dwgsm5xpa/image/upload/v1606492764/Image/Vsmart%20Aris%206gb%20-%2064%20gb/vsmart-aris-5_bxdxoi.jpg'),('10','https://res.cloudinary.com/dwgsm5xpa/image/upload/v1606492877/Image/Vsmart%20Joy%203%204gb/vsmart-joy3-4_gilhv6.jpg'),('10','https://res.cloudinary.com/dwgsm5xpa/image/upload/v1606492877/Image/Vsmart%20Joy%203%204gb/vsmart-joy3-5_xwwyp5.jpg'),('10','https://res.cloudinary.com/dwgsm5xpa/image/upload/v1606492877/Image/Vsmart%20Joy%203%204gb/vsmart-joy3-1_oeedm7.jpg'),('10','https://res.cloudinary.com/dwgsm5xpa/image/upload/v1606492877/Image/Vsmart%20Joy%203%204gb/vsmart-joy3-2_vh0rf1.jpg'),('10','https://res.cloudinary.com/dwgsm5xpa/image/upload/v1606492877/Image/Vsmart%20Joy%203%204gb/vsmart-joy3-3_pzh2mz.jpg'),('11','https://res.cloudinary.com/dwgsm5xpa/image/upload/v1606492949/Image/Xiaomi%20Redmi%20Note%208/xiaomi-redmi-note8-1_n2seuk.jpg'),('11','https://res.cloudinary.com/dwgsm5xpa/image/upload/v1606492948/Image/Xiaomi%20Redmi%20Note%208/xiaomi-redmi-note8-4_iwyeka.jpg'),('11','https://res.cloudinary.com/dwgsm5xpa/image/upload/v1606492948/Image/Xiaomi%20Redmi%20Note%208/xiaomi-redmi-note8-2_czlwsp.jpg'),('11','https://res.cloudinary.com/dwgsm5xpa/image/upload/v1606492948/Image/Xiaomi%20Redmi%20Note%208/xiaomi-redmi-note8-3_s6on4h.jpg'),('11','https://res.cloudinary.com/dwgsm5xpa/image/upload/v1606492948/Image/Xiaomi%20Redmi%20Note%208/xiaomi-redmi-note8-5_o50xaz.jpg'),('12','https://res.cloudinary.com/dwgsm5xpa/image/upload/v1606493023/Image/Xiaomi%20Redmi%20Note%209%204%20gb%20-128%20gb/xiaomi-redmi-note9-4_lvuxen.jpg'),('12','https://res.cloudinary.com/dwgsm5xpa/image/upload/v1606493022/Image/Xiaomi%20Redmi%20Note%209%204%20gb%20-128%20gb/xiaomi-redmi-note9-3_lpijj1.jpg'),('12','https://res.cloudinary.com/dwgsm5xpa/image/upload/v1606493022/Image/Xiaomi%20Redmi%20Note%209%204%20gb%20-128%20gb/xiaomi-redmi-note9-5_uk9xsv.jpg'),('12','https://res.cloudinary.com/dwgsm5xpa/image/upload/v1606493024/Image/Xiaomi%20Redmi%20Note%209%204%20gb%20-128%20gb/xiaomi-redmi-note9-1_infrox.jpg'),('12','https://res.cloudinary.com/dwgsm5xpa/image/upload/v1606493023/Image/Xiaomi%20Redmi%20Note%209%204%20gb%20-128%20gb/xiaomi-redmi-note9-2_slcaba.jpg'),('13','https://res.cloudinary.com/dwgsm5xpa/image/upload/v1606493096/Image/Xiaomi%20Redmi%20Note%2010/xiaomi-redmi-note10-5_vglxlm.jpg'),('13','https://res.cloudinary.com/dwgsm5xpa/image/upload/v1606493096/Image/Xiaomi%20Redmi%20Note%2010/xiaomi-redmi-note10-1_fjxxri.jpg'),('13','https://res.cloudinary.com/dwgsm5xpa/image/upload/v1606493096/Image/Xiaomi%20Redmi%20Note%2010/xiaomi-redmi-note10-3_rxorx8.jpg'),('13','https://res.cloudinary.com/dwgsm5xpa/image/upload/v1606493095/Image/Xiaomi%20Redmi%20Note%2010/xiaomi-redmi-note10-2_z6p7gg.jpg'),('13','https://res.cloudinary.com/dwgsm5xpa/image/upload/v1606493095/Image/Xiaomi%20Redmi%20Note%2010/xiaomi-redmi-note10-4_m0qydb.jpg'),('14','https://res.cloudinary.com/dwgsm5xpa/image/upload/v1606493193/Image/Apple%20iPhone%20X%2064GB/iphone-X-1_f7fgqr.jpg'),('14','https://res.cloudinary.com/dwgsm5xpa/image/upload/v1606493193/Image/Apple%20iPhone%20X%2064GB/iphone-X-2_idnaiq.jpg'),('14','https://res.cloudinary.com/dwgsm5xpa/image/upload/v1606493193/Image/Apple%20iPhone%20X%2064GB/iphone-X-4_niff2n.jpg'),('14','https://res.cloudinary.com/dwgsm5xpa/image/upload/v1606493193/Image/Apple%20iPhone%20X%2064GB/iphone-X-3_cvpo1j.jpg'),('14','https://res.cloudinary.com/dwgsm5xpa/image/upload/v1606493192/Image/Apple%20iPhone%20X%2064GB/iphone-X-5_lm97le.jpg'),('15','https://res.cloudinary.com/dwgsm5xpa/image/upload/v1606493251/Image/Apple%20iPhone%20XS%20256GB/iphone-XS-4_xqwtgc.jpg'),('15','https://res.cloudinary.com/dwgsm5xpa/image/upload/v1606493251/Image/Apple%20iPhone%20XS%20256GB/iphone-XS-3_t0pbjs.jpg'),('15','https://res.cloudinary.com/dwgsm5xpa/image/upload/v1606493251/Image/Apple%20iPhone%20XS%20256GB/iphone-XS-5_ziji9j.jpg'),('15','https://res.cloudinary.com/dwgsm5xpa/image/upload/v1606493251/Image/Apple%20iPhone%20XS%20256GB/iphone-XS-2_jgcjt2.jpg'),('15','https://res.cloudinary.com/dwgsm5xpa/image/upload/v1606493251/Image/Apple%20iPhone%20XS%20256GB/iphone-XS-1_ibl785.jpg'),('16','https://res.cloudinary.com/dwgsm5xpa/image/upload/v1606493326/Image/Apple%20iPhone%20XS%20Max%20512GB/iphone-XS-Max-5_uimnge.jpg'),('16','https://res.cloudinary.com/dwgsm5xpa/image/upload/v1606493326/Image/Apple%20iPhone%20XS%20Max%20512GB/iphone-XS-Max-1_z1eyr8.jpg'),('16','https://res.cloudinary.com/dwgsm5xpa/image/upload/v1606493326/Image/Apple%20iPhone%20XS%20Max%20512GB/iphone-XS-Max-2_yxj6hu.jpg'),('16','https://res.cloudinary.com/dwgsm5xpa/image/upload/v1606493326/Image/Apple%20iPhone%20XS%20Max%20512GB/iphone-XS-Max-3_stv2u0.jpg'),('16','https://res.cloudinary.com/dwgsm5xpa/image/upload/v1606493326/Image/Apple%20iPhone%20XS%20Max%20512GB/iphone-XS-Max-4_x79dzt.jpg'),('17','https://res.cloudinary.com/dwgsm5xpa/image/upload/v1606493392/Image/Apple%20iPhone%2011%20256%20GB/iphone-11-3_rbdnra.jpg'),('17','https://res.cloudinary.com/dwgsm5xpa/image/upload/v1606493392/Image/Apple%20iPhone%2011%20256%20GB/iphone-11-4_zljusp.jpg'),('17','https://res.cloudinary.com/dwgsm5xpa/image/upload/v1606493392/Image/Apple%20iPhone%2011%20256%20GB/iphone-11-2_usmqgp.jpg'),('17','https://res.cloudinary.com/dwgsm5xpa/image/upload/v1606493392/Image/Apple%20iPhone%2011%20256%20GB/iphone-11-5_kepfrb.jpg'),('17','https://res.cloudinary.com/dwgsm5xpa/image/upload/v1606493391/Image/Apple%20iPhone%2011%20256%20GB/iphone-11-1_vgsmg4.jpg'),('18','https://res.cloudinary.com/dwgsm5xpa/image/upload/v1606493462/Image/iPhone%2011%20Pro%20256GB/iphone-11-Pro-2_wce3t8.jpg'),('18','https://res.cloudinary.com/dwgsm5xpa/image/upload/v1606493462/Image/iPhone%2011%20Pro%20256GB/iphone-11-Pro-4_tvngx0.jpg'),('18','https://res.cloudinary.com/dwgsm5xpa/image/upload/v1606493462/Image/iPhone%2011%20Pro%20256GB/iphone-11-Pro-3_vtzcwn.jpg'),('18','https://res.cloudinary.com/dwgsm5xpa/image/upload/v1606493462/Image/iPhone%2011%20Pro%20256GB/iphone-11-Pro-1_d6nvnx.jpg'),('18','https://res.cloudinary.com/dwgsm5xpa/image/upload/v1606493462/Image/iPhone%2011%20Pro%20256GB/iphone-11-Pro-5_shvatl.jpg'),('19','https://res.cloudinary.com/dwgsm5xpa/image/upload/v1606493526/Image/iPhone%2011%20Pro%20Max%2064GB/iphone-11-Promax-1_ar0hul.png'),('19','https://res.cloudinary.com/dwgsm5xpa/image/upload/v1606493525/Image/iPhone%2011%20Pro%20Max%2064GB/iphone-11-Promax-2_gxdqpe.jpg'),('19','https://res.cloudinary.com/dwgsm5xpa/image/upload/v1606493525/Image/iPhone%2011%20Pro%20Max%2064GB/iphone-11-Promax-5_lbakwo.jpg'),('19','https://res.cloudinary.com/dwgsm5xpa/image/upload/v1606493525/Image/iPhone%2011%20Pro%20Max%2064GB/iphone-11-Promax-4_syoz5n.jpg'),('19','https://res.cloudinary.com/dwgsm5xpa/image/upload/v1606493525/Image/iPhone%2011%20Pro%20Max%2064GB/iphone-11-Promax-3_vya9sf.jpg'),('20','https://res.cloudinary.com/dwgsm5xpa/image/upload/v1606493621/Image/Samsung%20Galaxy%20S20/samsung-s20-2_wshdvn.jpg'),('20','https://res.cloudinary.com/dwgsm5xpa/image/upload/v1606493620/Image/Samsung%20Galaxy%20S20/samsung-s20-3_zbogvg.jpg'),('20','https://res.cloudinary.com/dwgsm5xpa/image/upload/v1606493620/Image/Samsung%20Galaxy%20S20/samsung-s20-1_votyty.jpg'),('20','https://res.cloudinary.com/dwgsm5xpa/image/upload/v1606493620/Image/Samsung%20Galaxy%20S20/samsung-s20-5_nqyszm.jpg'),('20','https://res.cloudinary.com/dwgsm5xpa/image/upload/v1606493620/Image/Samsung%20Galaxy%20S20/samsung-s20-4_s0gq8l.jpg'),('21','https://res.cloudinary.com/dwgsm5xpa/image/upload/v1606493693/Image/Samsung%20Galaxy%20S20%2B%20%28Plus%29/samsungs20-plus-5_vrnt7k.jpg'),('21','https://res.cloudinary.com/dwgsm5xpa/image/upload/v1606493693/Image/Samsung%20Galaxy%20S20%2B%20%28Plus%29/samsungs20-plus-1_wod2ao.jpg'),('21','https://res.cloudinary.com/dwgsm5xpa/image/upload/v1606493694/Image/Samsung%20Galaxy%20S20%2B%20%28Plus%29/samsungs20-plus-2_wqcs4l.jpg'),('21','https://res.cloudinary.com/dwgsm5xpa/image/upload/v1606493694/Image/Samsung%20Galaxy%20S20%2B%20%28Plus%29/samsungs20-plus-3_uaphhw.jpg'),('21','https://res.cloudinary.com/dwgsm5xpa/image/upload/v1606493693/Image/Samsung%20Galaxy%20S20%2B%20%28Plus%29/samsungs20-plus-4_amukee.jpg'),('22','https://res.cloudinary.com/dwgsm5xpa/image/upload/v1606493766/Image/Samsung%20Galaxy%20S20%20Ultra/samsungs20-ultra-3_fgb2aa.jpg'),('22','https://res.cloudinary.com/dwgsm5xpa/image/upload/v1606493767/Image/Samsung%20Galaxy%20S20%20Ultra/samsungs20-ultra-1_uvd1kf.png'),('22','https://res.cloudinary.com/dwgsm5xpa/image/upload/v1606493766/Image/Samsung%20Galaxy%20S20%20Ultra/samsungs20-ultra-2_s5j6zc.jpg'),('22','https://res.cloudinary.com/dwgsm5xpa/image/upload/v1606493766/Image/Samsung%20Galaxy%20S20%20Ultra/samsungs20-ultra-5_ockyhi.jpg'),('22','https://res.cloudinary.com/dwgsm5xpa/image/upload/v1606493766/Image/Samsung%20Galaxy%20S20%20Ultra/samsungs20-ultra-4_ll94ev.jpg'),('24','https://res.cloudinary.com/dwgsm5xpa/image/upload/v1606548102/Image/Acer%20Aspire%203%20A315%2054K%2037B0%20i3%208130U/acer_aspire_3-a315_01_qd8rnf.jpg'),('24','https://res.cloudinary.com/dwgsm5xpa/image/upload/v1606548103/Image/Acer%20Aspire%203%20A315%2054K%2037B0%20i3%208130U/acer_aspire_3-a315_04_k1lth1.jpg'),('24','https://res.cloudinary.com/dwgsm5xpa/image/upload/v1606548102/Image/Acer%20Aspire%203%20A315%2054K%2037B0%20i3%208130U/acer_aspire_3-a315_02_sm1prx.jpg'),('24','https://res.cloudinary.com/dwgsm5xpa/image/upload/v1606548102/Image/Acer%20Aspire%203%20A315%2054K%2037B0%20i3%208130U/acer_aspire_3-a315_05_ocr2fe.jpg'),('24','https://res.cloudinary.com/dwgsm5xpa/image/upload/v1606548102/Image/Acer%20Aspire%203%20A315%2054K%2037B0%20i3%208130U/acer_aspire_3-a315_03_x0n38i.jpg'),('25','https://res.cloudinary.com/dwgsm5xpa/image/upload/v1606548331/Image/Acer%20Nitro%20AN515%2055%2070AX%20i7%2010750H/acer_nitro_an515_55_70ax_i7_10750H_02_xhrl0g.jpg'),('25','https://res.cloudinary.com/dwgsm5xpa/image/upload/v1606548331/Image/Acer%20Nitro%20AN515%2055%2070AX%20i7%2010750H/acer_nitro_an515_55_70ax_i7_10750H_04_hqnec7.jpg'),('25','https://res.cloudinary.com/dwgsm5xpa/image/upload/v1606548330/Image/Acer%20Nitro%20AN515%2055%2070AX%20i7%2010750H/acer_nitro_an515_55_70ax_i7_10750H_01_p55gdy.jpg'),('25','https://res.cloudinary.com/dwgsm5xpa/image/upload/v1606548330/Image/Acer%20Nitro%20AN515%2055%2070AX%20i7%2010750H/acer_nitro_an515_55_70ax_i7_10750H_03_mpgchq.jpg'),('25','https://res.cloudinary.com/dwgsm5xpa/image/upload/v1606548330/Image/Acer%20Nitro%20AN515%2055%2070AX%20i7%2010750H/acer_nitro_an515_55_70ax_i7_10750H_03_mpgchq.jpg'),('23','https://res.cloudinary.com/dwgsm5xpa/image/upload/v1606548568/Image/Acer%20Aspire%20A315%2056%2034AY%20i3%201005G1/acer_aspire_a315_56_34ay_i31005G1_02_dpwtyb.jpg'),('23','https://res.cloudinary.com/dwgsm5xpa/image/upload/v1606548568/Image/Acer%20Aspire%20A315%2056%2034AY%20i3%201005G1/acer_aspire_a315_56_34ay_i31005G1_01_hd0sjm.jpg'),('23','https://res.cloudinary.com/dwgsm5xpa/image/upload/v1606548567/Image/Acer%20Aspire%20A315%2056%2034AY%20i3%201005G1/acer_aspire_a315_56_34ay_i31005G1_05_oxujqb.jpg'),('23','https://res.cloudinary.com/dwgsm5xpa/image/upload/v1606548567/Image/Acer%20Aspire%20A315%2056%2034AY%20i3%201005G1/acer_aspire_a315_56_34ay_i31005G1_03_w8su9p.jpg'),('23','https://res.cloudinary.com/dwgsm5xpa/image/upload/v1606548567/Image/Acer%20Aspire%20A315%2056%2034AY%20i3%201005G1/acer_aspire_a315_56_34ay_i31005G1_04_lyk1gw.jpg'),('26','https://res.cloudinary.com/dwgsm5xpa/image/upload/v1606548679/Image/MacBook%20Air%202017%20i5%201.8GHz/apple_macbook_air_mqd32sa_a_i5-5350u_02_g0vprq.jpg'),('26','https://res.cloudinary.com/dwgsm5xpa/image/upload/v1606548678/Image/MacBook%20Air%202017%20i5%201.8GHz/apple_macbook_air_mqd32sa_a_i5-5350u_04_uowxfk.jpg'),('26','https://res.cloudinary.com/dwgsm5xpa/image/upload/v1606548678/Image/MacBook%20Air%202017%20i5%201.8GHz/apple_macbook_air_mqd32sa_a_i5-5350u_05_qozudh.jpg'),('26','https://res.cloudinary.com/dwgsm5xpa/image/upload/v1606548678/Image/MacBook%20Air%202017%20i5%201.8GHz/apple_macbook_air_mqd32sa_a_i5-5350u_01_q4avfl.jpg'),('26','https://res.cloudinary.com/dwgsm5xpa/image/upload/v1606548678/Image/MacBook%20Air%202017%20i5%201.8GHz/apple_macbook_air_mqd32sa_a_i5-5350u_03_qije2l.jpg'),('27','https://res.cloudinary.com/dwgsm5xpa/image/upload/v1606548812/Image/MacBook%20Air%202020%20i3/apple_macbook_air_2020_i3_02_z2yhy2.jpg'),('27','https://res.cloudinary.com/dwgsm5xpa/image/upload/v1606548812/Image/MacBook%20Air%202020%20i3/apple_macbook_air_2020_i3_05_u60ibo.jpg'),('27','https://res.cloudinary.com/dwgsm5xpa/image/upload/v1606548812/Image/MacBook%20Air%202020%20i3/apple_macbook_air_2020_i3_01_xbi5e2.jpg'),('27','https://res.cloudinary.com/dwgsm5xpa/image/upload/v1606548812/Image/MacBook%20Air%202020%20i3/apple_macbook_air_2020_i3_04_av6hhh.jpg'),('27','https://res.cloudinary.com/dwgsm5xpa/image/upload/v1606548812/Image/MacBook%20Air%202020%20i3/apple_macbook_air_2020_i3_03_bbclz5.jpg'),('28','https://res.cloudinary.com/dwgsm5xpa/image/upload/v1606548895/Image/Asus%20VivoBook%20Gaming%20F571GT%20i5%209300H/asus_vivobook_gaming_f571gt_i5_al851t_04_wn79la.jpg'),('28','https://res.cloudinary.com/dwgsm5xpa/image/upload/v1606548896/Image/Asus%20VivoBook%20Gaming%20F571GT%20i5%209300H/asus_vivobook_gaming_f571gt_i5_al851t_03_derpiq.jpg'),('28','https://res.cloudinary.com/dwgsm5xpa/image/upload/v1606548895/Image/Asus%20VivoBook%20Gaming%20F571GT%20i5%209300H/asus_vivobook_gaming_f571gt_i5_al851t_01_a5yd07.jpg'),('28','https://res.cloudinary.com/dwgsm5xpa/image/upload/v1606548895/Image/Asus%20VivoBook%20Gaming%20F571GT%20i5%209300H/asus_vivobook_gaming_f571gt_i5_al851t_02_slkvdd.jpg'),('28','https://res.cloudinary.com/dwgsm5xpa/image/upload/v1606548895/Image/Asus%20VivoBook%20Gaming%20F571GT%20i5%209300H/asus_vivobook_gaming_f571gt_i5_al851t_05_dm3iic.jpg'),('29','https://res.cloudinary.com/dwgsm5xpa/image/upload/v1606548984/Image/Asus%20VivoBook%20X509JP%20i5%201035G1/asus_vivobook_x509jp_i5_1035G1_05_mq2a1j.jpg'),('29','https://res.cloudinary.com/dwgsm5xpa/image/upload/v1606548985/Image/Asus%20VivoBook%20X509JP%20i5%201035G1/asus_vivobook_x509jp_i5_1035G1_01_pypkme.png'),('29','https://res.cloudinary.com/dwgsm5xpa/image/upload/v1606548985/Image/Asus%20VivoBook%20X509JP%20i5%201035G1/asus_vivobook_x509jp_i5_1035G1_03_dhy9g6.jpg'),('29','https://res.cloudinary.com/dwgsm5xpa/image/upload/v1606548984/Image/Asus%20VivoBook%20X509JP%20i5%201035G1/asus_vivobook_x509jp_i5_1035G1_02_zztqhc.jpg'),('29','https://res.cloudinary.com/dwgsm5xpa/image/upload/v1606548984/Image/Asus%20VivoBook%20X509JP%20i5%201035G1/asus_vivobook_x509jp_i5_1035G1_04_mtlkbt.jpg'),('30','https://res.cloudinary.com/dwgsm5xpa/image/upload/v1606549077/Image/Dell%20Inspiron%205593%20i5%201035G1/Dell_Inspiron_5593_i5_1035G1_04_vkwnie.png'),('30','https://res.cloudinary.com/dwgsm5xpa/image/upload/v1606549076/Image/Dell%20Inspiron%205593%20i5%201035G1/Dell_Inspiron_5593_i5_1035G1_02_aqnwug.jpg'),('30','https://res.cloudinary.com/dwgsm5xpa/image/upload/v1606549076/Image/Dell%20Inspiron%205593%20i5%201035G1/Dell_Inspiron_5593_i5_1035G1_05_weljjv.jpg'),('30','https://res.cloudinary.com/dwgsm5xpa/image/upload/v1606549076/Image/Dell%20Inspiron%205593%20i5%201035G1/Dell_Inspiron_5593_i5_1035G1_03_bzclfj.png'),('30','https://res.cloudinary.com/dwgsm5xpa/image/upload/v1606549076/Image/Dell%20Inspiron%205593%20i5%201035G1/Dell_Inspiron_5593_i5_1035G1_01_t11397.jpg'),('31','https://res.cloudinary.com/dwgsm5xpa/image/upload/v1606549154/Image/Dell%20Vostro%203491%20i3%201005G1/dell_vostro_3491_i3_1005G1_03_qkikth.jpg'),('31','https://res.cloudinary.com/dwgsm5xpa/image/upload/v1606549154/Image/Dell%20Vostro%203491%20i3%201005G1/dell_vostro_3491_i3_1005G1_01_uavep5.jpg'),('31','https://res.cloudinary.com/dwgsm5xpa/image/upload/v1606549154/Image/Dell%20Vostro%203491%20i3%201005G1/dell_vostro_3491_i3_1005G1_04_ykl7xd.jpg'),('31','https://res.cloudinary.com/dwgsm5xpa/image/upload/v1606549154/Image/Dell%20Vostro%203491%20i3%201005G1/dell_vostro_3491_i3_1005G1_02_w3xuol.jpg'),('31','https://res.cloudinary.com/dwgsm5xpa/image/upload/v1606549154/Image/Dell%20Vostro%203491%20i3%201005G1/dell_vostro_3491_i3_1005G1_05_z5bdnc.jpg'),('32','https://res.cloudinary.com/dwgsm5xpa/image/upload/v1606549226/Image/HP%2015s%20du1056TU%206405U/hp_15s_du1056tu_6405u_02_xtehui.jpg'),('32','https://res.cloudinary.com/dwgsm5xpa/image/upload/v1606549225/Image/HP%2015s%20du1056TU%206405U/hp_15s_du1056tu_6405u_01_yus1g5.jpg'),('32','https://res.cloudinary.com/dwgsm5xpa/image/upload/v1606549225/Image/HP%2015s%20du1056TU%206405U/hp_15s_du1056tu_6405u_05_aen97c.jpg'),('32','https://res.cloudinary.com/dwgsm5xpa/image/upload/v1606549225/Image/HP%2015s%20du1056TU%206405U/hp_15s_du1056tu_6405u_03_vzo6rw.jpg'),('32','https://res.cloudinary.com/dwgsm5xpa/image/upload/v1606549225/Image/HP%2015s%20du1056TU%206405U/hp_15s_du1056tu_6405u_04_glfjyk.jpg'),('33','https://res.cloudinary.com/dwgsm5xpa/image/upload/v1606549310/Image/HP%2015s%20du1076TX%20i5%2010210U/hp_15s_du1076tx_i5_1021U_02_d5w8yk.jpg'),('33','https://res.cloudinary.com/dwgsm5xpa/image/upload/v1606549309/Image/HP%2015s%20du1076TX%20i5%2010210U/hp_15s_du1076tx_i5_1021U_04_zjafhl.jpg'),('33','https://res.cloudinary.com/dwgsm5xpa/image/upload/v1606549309/Image/HP%2015s%20du1076TX%20i5%2010210U/hp_15s_du1076tx_i5_1021U_01_f0n3ul.jpg'),('33','https://res.cloudinary.com/dwgsm5xpa/image/upload/v1606549309/Image/HP%2015s%20du1076TX%20i5%2010210U/hp_15s_du1076tx_i5_1021U_05_czjvmr.jpg'),('33','https://res.cloudinary.com/dwgsm5xpa/image/upload/v1606549309/Image/HP%2015s%20du1076TX%20i5%2010210U/hp_15s_du1076tx_i5_1021U_03_p9fdwm.jpg'),('34','https://res.cloudinary.com/dwgsm5xpa/image/upload/v1606549443/Image/HP%20Envy%2013%20ba1030TU%20i7%201165G7/hp_envy_13_ba1030tu_i7_2k0b6pa_1165G7_03_mcx0ug.jpg'),('34','https://res.cloudinary.com/dwgsm5xpa/image/upload/v1606549442/Image/HP%20Envy%2013%20ba1030TU%20i7%201165G7/hp_envy_13_ba1030tu_i7_2k0b6pa_1165G7_01_yre6ns.jpg'),('34','https://res.cloudinary.com/dwgsm5xpa/image/upload/v1606549442/Image/HP%20Envy%2013%20ba1030TU%20i7%201165G7/hp_envy_13_ba1030tu_i7_2k0b6pa_1165G7_02_caqygo.jpg'),('34','https://res.cloudinary.com/dwgsm5xpa/image/upload/v1606549442/Image/HP%20Envy%2013%20ba1030TU%20i7%201165G7/hp_envy_13_ba1030tu_i7_2k0b6pa_1165G7_05_nhfrf6.jpg'),('34','https://res.cloudinary.com/dwgsm5xpa/image/upload/v1606549442/Image/HP%20Envy%2013%20ba1030TU%20i7%201165G7/hp_envy_13_ba1030tu_i7_2k0b6pa_1165G7_04_jfjpra.jpg'),('35','https://res.cloudinary.com/dwgsm5xpa/image/upload/v1606549548/Image/Lenovo%20IdeaPad%20Flex%205%2014IIL%20i5%201035G1/lenovo_ideapad_flex_5_14iil_i5_1035G1_02_ys43lq.jpg'),('35','https://res.cloudinary.com/dwgsm5xpa/image/upload/v1606549547/Image/Lenovo%20IdeaPad%20Flex%205%2014IIL%20i5%201035G1/lenovo_ideapad_flex_5_14iil_i5_1035G1_05_zxrdcl.jpg'),('35','https://res.cloudinary.com/dwgsm5xpa/image/upload/v1606549547/Image/Lenovo%20IdeaPad%20Flex%205%2014IIL%20i5%201035G1/lenovo_ideapad_flex_5_14iil_i5_1035G1_04_y6rpjf.jpg'),('35','https://res.cloudinary.com/dwgsm5xpa/image/upload/v1606549547/Image/Lenovo%20IdeaPad%20Flex%205%2014IIL%20i5%201035G1/lenovo_ideapad_flex_5_14iil_i5_1035G1_01_coyaof.jpg'),('35','https://res.cloudinary.com/dwgsm5xpa/image/upload/v1606549547/Image/Lenovo%20IdeaPad%20Flex%205%2014IIL%20i5%201035G1/lenovo_ideapad_flex_5_14iil_i5_1035G1_03_mdmxgs.jpg'),('36','https://res.cloudinary.com/dwgsm5xpa/image/upload/v1606549609/Image/Lenovo%20IdeaPad%20S145%2015IIL%20i3%201005G1/lenovo_ideapad_s145_15iil_i3_1005g1_04_ilusaz.jpg'),('36','https://res.cloudinary.com/dwgsm5xpa/image/upload/v1606549607/Image/Lenovo%20IdeaPad%20S145%2015IIL%20i3%201005G1/lenovo_ideapad_s145_15iil_i3_1005g1_03_yrfuoy.jpg'),('36','https://res.cloudinary.com/dwgsm5xpa/image/upload/v1606549607/Image/Lenovo%20IdeaPad%20S145%2015IIL%20i3%201005G1/lenovo_ideapad_s145_15iil_i3_1005g1_02_ymllfp.jpg'),('36','https://res.cloudinary.com/dwgsm5xpa/image/upload/v1606549607/Image/Lenovo%20IdeaPad%20S145%2015IIL%20i3%201005G1/lenovo_ideapad_s145_15iil_i3_1005g1_05_ijjorb.jpg'),('36','https://res.cloudinary.com/dwgsm5xpa/image/upload/v1606549607/Image/Lenovo%20IdeaPad%20S145%2015IIL%20i3%201005G1/lenovo_ideapad_s145_15iil_i3_1005g1_01_v2fq6z.jpg');
/*!40000 ALTER TABLE `product_image` ENABLE KEYS */;
UNLOCK TABLES;

--
-- Table structure for table `products`
--

DROP TABLE IF EXISTS `products`;
/*!40101 SET @saved_cs_client     = @@character_set_client */;
/*!50503 SET character_set_client = utf8mb4 */;
CREATE TABLE `products` (
  `id_product` varchar(100) CHARACTER SET utf8 COLLATE utf8_unicode_ci NOT NULL,
  `product_name` varchar(200) NOT NULL,
  `price` int NOT NULL,
  `product_type` varchar(100) CHARACTER SET utf8 COLLATE utf8_unicode_ci NOT NULL,
  `desciption` varchar(2000) NOT NULL,
  `specifications` varchar(2000) NOT NULL,
  `addedDate` varchar(100) CHARACTER SET utf8 COLLATE utf8_unicode_ci DEFAULT NULL,
  `isSaling` tinyint NOT NULL,
  `sale` int DEFAULT NULL,
  `link` varchar(254) DEFAULT NULL,
  PRIMARY KEY (`id_product`),
  KEY `product_type` (`product_type`),
  CONSTRAINT `Products_ibfk_1` FOREIGN KEY (`product_type`) REFERENCES `products_type` (`id_product_type`)
) ENGINE=InnoDB DEFAULT CHARSET=utf8;
/*!40101 SET character_set_client = @saved_cs_client */;

--
-- Dumping data for table `products`
--

LOCK TABLES `products` WRITE;
/*!40000 ALTER TABLE `products` DISABLE KEYS */;
INSERT INTO `products` VALUES ('10','Vsmart Joy 3 4gb',2590000,'phone','Vsmart Joy 3 4GB trang bị bộ vi xử lý Qualcomm Snapdragon 632 mạnh mẽ, đủ để chạy tốt mọi ứng dụng. Ấn tượng hơn nữa là 4GB RAM và 64GB bộ nhớ trong, giúp trải nghiệm mượt mà hơn rất nhiều, đồng thời cho bạn không gian lưu trữ thoải mái. Dễ dàng nâng cấp bộ nhớ thông qua khe cắm thẻ nhớ microSD. Với hệ điều hành VOS mới nhất, Vsmart Joy 3 sẽ mang đến trải nghiệm mượt mà, dễ sử dụng và nhiều tính năng hữu ích.\r\n','\nHãng sản xuất: Vsmart^\n\nKích thước: 165.13 x 76..4 x 9.19 mm^\n\nTrọng lượng: 192 g^\n\nBộ nhớ đệm / Ram: 4 GB^\n\nBộ nhớ trong: 64 GB^\n\nLoại SIM: 2 SIM (Nano-SIM)^\n\nLoại màn hình: IPS LCD^\n\nKích thước màn hình: 6.5 inches^\n\nĐộ phân giải màn hình: 720 x 1600 pixel^\n\nHệ điều hành: Android^\n\nPhiên bản hệ điều hành: Android 10^\n\nChipset:Qualcomm Snapdragon 632^\n\nCPU: Kryo 250^\n\nGPU: Adreno 506^\n\nKhe cắm thẻ nhớ	MicroSD, hỗ trợ tối đa 128 GB^\n\nCamera sau:^\n\nChính: 13 MP^\n\nPhụ :8 MP, 2MP^\n\nCamera trước: 8 MP^\n\nQuay video: 720p@30fps,1080p@30fps, 2160p@30fps^\n\n3G: HSPA 42.2/5.76 Mbps, EV-DO Rev.A 3.1 Mbps^\n\n4G: LTE Cat4 150/50 Mbps^\n\nWLAN: Wi-Fi 802.11 b/g/n, Wi-Fi Direct, Wi-Fi hotspot^\n\nBluetooth: LE, A2DP, v4.2^\n\nGPS: BDS, A-GPS, GLONASS^\n\nCảm biến:  Cảm biến vân tay, cảm biến tiệm cận, cảm biến gia tốc, la bàn, con quay hồi chuyển^\n\nPin: Li-on 5000 mAh\n\n  ','2020-11-27',0,NULL,'https://res.cloudinary.com/dwgsm5xpa/image/upload/v1606492877/Image/Vsmart%20Joy%203%204gb/vsmart-joy3-4_gilhv6.jpg'),('11','Xiaomi Redmi Note 8',4290000,'phone','Vào đầu tháng 10/2019 Xiaomi đã ra mắt một smartphone tầm trung mới nhất của họ mang tên Xiaomi Redmi Note 8 4GB/128GB. Chiếc điện thoại gây ấn tượng với thiết kế màn hình giọt nước thời trang, bộ 4 camera chất lượng cao, vi xử lý hiệu năng tốt đi kèm giá bán vô cùng hấp dẫn.','\nHãng sản xuất: Xiaomi^\n\n Kích thước: Đang cập nhật^\n\n Trọng lượng: Đang cập nhật^\n\n Bộ nhớ đệm / Ram: 4 GB^\n\n Bộ nhớ trong: 64 GB^\n\n Loại SIM: 2 SIM (Nano-SIM)^\n\n Loại màn hình: LCD FULL HD^\n\n Kích thước màn hình: 6.3 inches^\n\n Hệ điều hành: Android^\n\n Phiên bản hệ điều hành: Android 9.0 (Pie)^\n\n Chipset: Qualcomm Snapdragon 665^\n\n Camera sau: 4 camera, camera chính 48MP (f/1.7)^\n\n Pin: 4000 mAh, sạc nhanh 18W\n\n','2020-11-27',0,NULL,'https://res.cloudinary.com/dwgsm5xpa/image/upload/v1606492949/Image/Xiaomi%20Redmi%20Note%208/xiaomi-redmi-note8-1_n2seuk.jpg'),('12','Xiaomi Redmi Note 9 4 gb -128 gb',4990000,'phone','Redmi Note 9 cùng với Redmi Note 9 Pro là một trong những chiếc smartphone mới nhất thuộc dòng Redmi Note của hãng điên thoại Xiaomi. Máy được nâng cấp lớn cả về thiết kế, camera lẫn cấu hình đi kèm với mức giá vô cùng hấp dẫn. Đây hứa hẹn sẽ là chiếc smartphone đáng sở hữu trong phân khúc tầm trung. Ngoài ra, bạn cũng có thể tham khảo thêm điện thoại Xiaomi Redmi 9 với mức giá siêu rẻ chỉ hơn 3 triệu đồng.','\nHãng sản xuất: Xiaomi^\n\nKích thước: 162.3 x 77.2 x 8.9 mm^\n\nTrọng lượng: 198 g^\n\nBộ nhớ đệm / Ram: 4 GB^\n\nBộ nhớ trong: 128 GB^\n\nLoại SIM: 2 SIM (Nano-SIM)^\n\nLoại màn hình: IPS LCD, 16 triệu màu^\n\nKích thước màn hình: 6.53 inches^\n\nĐộ phân giải màn hình: 1920 x 1080 pixels^\n\nHệ điều hành: Android^\n\nPhiên bản hệ điều hành: Android 10.0; MIUI 11^\n\nChipset: MediaTek Helio G85^\n\nCPU: Octa-core^\n\nKhe cắm thẻ nhớ: microSDXC^\n\nCamera sau:^\n\n-48 MP, f/1.8, 26mm (wide), 1/2.0\", 0.8µm, PDAF^\n\n-8 MP, f/2.2, 13mm (ultrawide), 1/4.0\", 1.12µm^\n\n-5 MP, f/2.4, (macro), 1.12µm^\n\n-2 MP, f/2.4, (depth)^\n\nCamera trước: 13 MP, (wide)^\n\nQuay video: Trước: 1080p@30fps^\n\nSau: 2160p@30fps, 1080p@30/60/120fps, 720p@960fps, gyro-EIS^\n\n3G: HSPA 42.2/5.76 Mbps, EV-DO Rev.A 3.1 Mbps^\n\n4G: LTE-A (4CA) Cat15 800/150 Mbps^\n\nWLAN: Wi-Fi 802.11 a/b/g/n/ac, dual-band, Wi-Fi Direct, hotspot^\n\nBluetooth: 5.0, A2DP, LE, EDR^\n\nGPS: 5.0, A2DP, LE^\n\nUSB: 2.0, Type-C 1.0 reversible connector^\n\nCảm biến: Cảm biến vân tay, cảm biến tiệm cận, gia tốc kế, la bàn, con quay hồi chuyển^\n\nPin: 5020 mAh battery, Fast charging 18W\n ','2020-11-27',1,15,'https://res.cloudinary.com/dwgsm5xpa/image/upload/v1606493023/Image/Xiaomi%20Redmi%20Note%209%204%20gb%20-128%20gb/xiaomi-redmi-note9-4_lvuxen.jpg'),('13','Xiaomi Redmi Note 10',12990000,'phone','Sau sự ra mắt thành công của hàng loạt smartphone cận cao cấp giá rẻ, Xiaomi tiếp tục trình làng chiếc điện thoại cao cấp mới với tên gọi là Xiaomi Mi Note 10. Là thiết bị được trang bị vi xử lý Snapdragon 730 mạnh nhất của Qualcomm và đặc biệt, đây là mẫu smartphone thương mại đầu tiên trên thế giới được trang bị cảm biến camera có độ phân giải lên tới 108MP.','\nHãng sản xuất: Xiaomi^\n\n Kích thước: 157.8 x 74.2 x 9.7 mm^\n\n Trọng lượng: 208 g^\n\n Bộ nhớ đệm / Ram: 128 GB, 6 GB RAM^\n\n Bộ nhớ trong: 128 GB^\n\n Loại SIM: 2 SIM (Nano-SIM)^\n\n Loại màn hình: AMOLED^\n\n Kích thước màn hình: 6.47 inches^\n\n Độ phân giải màn hình: 1080 x 2340 pixels^\n\n Hệ điều hành: Android^\n\n Phiên bản hệ điều hành: Android 9.0 (Pie); MIUI 11^\n\n Chipset: Qualcomm SDM730 Snapdragon 730G (8 nm)^\n\n CPU: Octa-core (2x2.2 GHz Kryo 470 Gold & 6x1.8 GHz Kryo 470 Silver)^\n\n GPU: Adreno 618^\n\n Camera sau:^\n\n -108 MP f/1.7^\n\n -12 MP f/2.0^\n\n -5 MP f/2.0^\n\n -20 MP f/2.2^\n\n -2 MP f/2.4^\n\n Camera trước: 32 MP f/2.0^\n\n Quay video: 2160p@30fps, 1080p@30/60/120/240fps, 720p@960fps^\n\n WLAN: Wi-Fi 802.11 a/b/g/n/ac, dual-band, Wi-Fi Direct, hotspot^\n\n Bluetooth: 5.0, A2DP, LE, aptX HD^\n\n GPS: Yes, with A-GPS, GLONASS, GALILEO, BDS^\n\n NFC: Yes^\n\n Pin: Li-Po 5260 mAh\n\n','2020-11-27',1,15,'https://res.cloudinary.com/dwgsm5xpa/image/upload/v1606493096/Image/Xiaomi%20Redmi%20Note%2010/xiaomi-redmi-note10-5_vglxlm.jpg'),('14','Apple iPhone X 64GB',11000000,'phone','Điện thoại iPhone X chiếc điện thoại kỉ niệm 10 năm ra mắt của Apple, với sự nâng cấp đột phá về cấu hình lẫn thiết kế bên ngoài, đây được mệnh danh là chiếc điện thoại của tương lai bởi những tính năng đặc biệt mà nó mang lại.','\nHãng sản xuất: Apple^\n\n Kích thước: 143.6 x 70.9 x 7.7 mm (5.65 x 2.79 x 0.30 in)^\n\n Trọng lượng: 174 g (6.14 oz)^\n\n Bộ nhớ đệm / Ram: 64 GB, 3 GB RAM^\n\n Bộ nhớ trong: 64 GB^\n\n Loại SIM: Nano-SIM^\n\n Loại màn hìn: 	Cảm ứng điện dung OLED, 16 triệu màu^\n\n Kích thước màn hình: 5.8 inches^\n\n Độ phân giải màn hình: 1125 x 2436 pixels^\n\n Hệ điều hành: iOS^\n\n Phiên bản hệ điều hành: 11^\n\n Chipset: Apple A11 Bionic APL1W72^\n\n CPU: 2x 2.39 GHz Monsoon & 4x 2.39 GHz Mistral^\n\n GPU: Apple GPU (3 lõi đồ họa)^\n\n Khe cắm thẻ nhớ: Không^\n\n Camera sau: 12 MP (f/1.8, 28mm) + 12 MP (f/2.4, 52mm), tự động lấy nét nhận diện theo giai đoạn, 2x zoom quang học, OIS, 4 LED flash (2 tone)^\n\n Camera trước: 7 MP (f/2.2, 32mm), 1080p@30fps, 720p@240fps, nhận diện khuôn mặt, HDR^\n\n Quay video: 2160p@24/30/60fps, 1080p@30/60/120/240fps^\n\n 3G: HSPA 42.2/5.76 Mbps, EV-DO Rev.A 3.1 Mbps^\n\n 4G: LTE-A (3CA) Cat12 600/150 Mbps^\n\n WLAN: Wi-Fi 802.11 a/b/g/n/ac, dual-band, hotspot^\n\n Bluetooth: 5.0, A2DP, LE^\n\n GPS: A-GPS, GLONASS, GALILEO, QZSS^\n\n NFC: Yes^\n\n USB: 2.0^\n\n Cảm biến: Nhận diện khuôn mặt, gia tốc, la bàn, khoảng cách, con quay quy hồi, phong vũ biểu^\n\n Pin: Li-ion 2716 mAh\n','2020-11-27',0,NULL,'https://res.cloudinary.com/dwgsm5xpa/image/upload/v1606493193/Image/Apple%20iPhone%20X%2064GB/iphone-X-1_f7fgqr.jpg'),('15','Apple iPhone XS 256GB',18000000,'phone','Sau sự ra mắt của iPhone X đánh dấu kỷ niệm 10 năm, Apple giới thiệu tới người dùng thế hệ iPhone tiếp theo với 3 phiên bản, trong đó iPhone XS 256GB với những cải tiến mạnh mẽ từ phần cứng đến hiệu năng, màn hình và những tính năng đẳng cấp khác.','\n\n Hãng sản xuất: Apple^\n\n  Kích thước: 143.6 x 70.9 x 7.7 mm^\n\n  Trọng lượng: 177g^\n\n  Bộ nhớ đệm / Ram: 256 GB, 4 GB RAM^\n\n  Bộ nhớ trong: 256 GB^\n\n  Loại SIM: Nano-SIM^\n\n  Loại màn hình: Super Retina OLED^\n\n  Kích thước màn hình: 5.8 inches^\n\n  Độ phân giải màn hình: 1125 x 2436 pixels^\n\n  Hệ điều hành: iOS^\n\n  Phiên bản hệ điều hành: 12^\n\n  Chipset: Apple A12 Bionic 6 nhân^\n\n  GPU: Apple GPU 4 nhân^\n\n  Khe cắm thẻ nhớ: Không^\n\n  Camera sau: 12 MP^\n\n  Camera trước: 7 MP^\n\n  Quay video: Quay phim FullHD 1080p@30fps, Quay phim FullHD 1080p@60fps, Quay phim FullHD 1080p@240fps, Quay phim 4K 2160p@24fps, Quay phim FullHD 1080p@120fps, Quay phim 4K 2160p@30fps, Quay phim 4K 2160p@60fps^\n\n  3G: HSPA 42.2/5.76 Mbps^\n\n  4G: LTE-A (6CA) Cat18 1200/200 Mbps^\n\n  WLAN: Wi-Fi 802.11 a/b/g/n/ac, Dual-band, Wi-Fi hotspot^\n\n  Bluetooth: LE, A2DP, v5.0^\n\n  GPS: A-GPS, GLONASS^\n\n  NFC: Yes^\n\n  Pin: Li-po\n \n','2020-11-27',0,NULL,'https://res.cloudinary.com/dwgsm5xpa/image/upload/v1606493251/Image/Apple%20iPhone%20XS%20256GB/iphone-XS-4_xqwtgc.jpg'),('16','Apple iPhone XS Max 512GB',25900000,'phone','Apple đang có một cuộc cách mạng lớn về sự thay đổi ngôn ngữ thiết kế trên những chiếc iPhone của mình sau một thời gian dài trung thành với điện thoại có nút Home. Đi tiên phong cho điều này là iPhone X sau đó là iPhone Xr, iPhone Xs và nổi bật nhất trong số đó là chiếc iPhone Xs Max 512GB chính hãng VN/A một chiếc điện thoại siêu phẩm được đánh giá rất cao trên thị trường hiện nay.','\nHãng sản xuất: Apple^\n\n Kích thước: 157.5 - 77.4 - 7.7 mm^\n\n Trọng lượng: 208 g^\n\n Bộ nhớ đệm / Ram: 512 GB, 4 GB RAM^\n\n Bộ nhớ trong: 512 GB^\n\n Loại SIM: Nano-SIM^\n\n Loại màn hình: Super Retina OLED^\n\n Kích thước màn hình: 6.5 inches^\n\n Độ phân giải màn hình: 1242 x 2688 pixel^\n\n Hệ điều hành: iOS^\n\n Phiên bản hệ điều hành: 12^\n\n Chipset: Apple A12 Bionic 6 nhân^\n\n GPU: Apple GPU 4 nhân^\n\n Khe cắm thẻ nhớ: Không^\n\n Camera sau: 12 MP^\n\n Camera trước: 7 MP^\n\n Quay video: Quay phim FullHD 1080p@30fps, Quay phim FullHD 1080p@60fps, Quay phim FullHD 1080p@120fps, Quay phim FullHD 1080p@240fps, Quay phim 4K 2160p@24fps, Quay phim 4K 2160p@30fps, Quay phim 4K 2160p@60fps^\n\n 3G: HSPA 42.2/5.76 Mbps^\n\n 4G: LTE-A (6CA) Cat18 1200/200 Mbps^\n\n WLAN: Wi-Fi 802.11 a/b/g/n/ac, Dual-band, Wi-Fi hotspot^\n\n Bluetooth: LE, A2DP, v5.0^\n\n GPS: A-GPS, GLONASS^\n\n NFC: Yes^\n\n Pin: Li-ion\n','2020-11-27',0,NULL,'https://res.cloudinary.com/dwgsm5xpa/image/upload/v1606493326/Image/Apple%20iPhone%20XS%20Max%20512GB/iphone-XS-Max-2_yxj6hu.jpg'),('17','Apple iPhone 11 256 GB',23990000,'phone','iPhone 11 256GB là chiếc máy có mức giá \"dễ chịu\" trong bộ 3 iPhone vừa được Apple giới thiệu và nếu bạn muốn được trải nghiệm những nâng cấp về camera mới hay hiệu năng hàng đầu mà lại không muốn bỏ ra quá nhiều tiền thì đây thực sự là lựa chọn hàng đầu dành cho bạn','\nHãng sản xuất: Apple^\n\n Kích thước: 150.9mm - 75.7mm - 8.3mm^\n\n Trọng lượng: 194 g^\n\n Bộ nhớ đệm / Ram: 4 GB^\n\n Bộ nhớ trong: 64 GB^\n\n Loại SIM: Nano-SIM + eSIM^\n\n Loại màn hình: IPS LCD^\n\n Kích thước màn hình: 6.1 inches^\n\n Độ phân giải màn hình: 1792 x 828 pixel^\n\n Hệ điều hành: iOS^\n\n Phiên bản hệ điều hành: iOS 13^\n\n Chipset: A13 Bionic^\n\n Khe cắm thẻ nhớ: Không^\n\n Camera sau: Camera kép 12MP:^\n\n - Camera góc rộng: ƒ/1.8 aperture^\n\n - Camera siêu rộng: ƒ/2.4 aperture^\n\n Camera trước: 12 MP, ƒ/2.2 aperture^\n\n Quay video: Quay video 4K ở tốc độ 24 fps, 30 fps hoặc 60 fps^\n\n WLAN: 802.11ax Wi‑Fi 6 with 2x2 MIMO^\n\n Bluetooth: 5.0^\n\n GPS: GPS/GNSS^\n\n NFC: Yes^\n\n Cảm biến: FaceID, Con quay hồi chuyển, Gia tốc kế, Cảm biến tiệm cận, Cảm biến ánh sáng xung quanh^\n\n Pin: 3110 mAh\n ','2020-11-27',1,5,'https://res.cloudinary.com/dwgsm5xpa/image/upload/v1606493392/Image/Apple%20iPhone%2011%20256%20GB/iphone-11-3_rbdnra.jpg'),('18','iPhone 11 Pro 256GB',30990000,'phone','iPhone 11 Pro 256GB chính hãng VN/A có thiết kế sang trọng, đi kèm là con chip A13 Bionic mạnh mẽ cùng hệ thống ba camera sau cho những trải nghiệm ấn tượng nhất. iPhone 11 Pro phù hợp đối tượng người dùng thích smartphone thương hiệu lớn, hiệu năng mạnh và đa nhiệm tốt.','\nHãng sản xuất: Apple^\n\n Kích thước: 144.0mm - 71.4mm - 8.1mm^\n\n Trọng lượng: 188 g^\n\n Bộ nhớ đệm / Ram: 4 GB^\n\n Bộ nhớ trong: 256 GB^\n\n Loại SIM: Nano-SIM + eSIM^\n\n Loại màn hình: Super Retina XDR^\n\n Kích thước màn hình: 5.8 inches^\n\n Độ phân giải màn hình: 2436 x 1125 pixels^\n\n Hệ điều hành: iOS^\n\n Phiên bản hệ điều hành: iOS 13^\n\n Chipset: A13 Bionic^\n\n Khe cắm thẻ nhớ: Không^\n\n Camera sau: 3 Camera 12MP:^\n\n - Camera tele: ƒ/2.0 aperture^\n\n - Camera góc rộng: ƒ/1.8 aperture^\n\n - Camera siêu rộng: ƒ/2.4 aperture^\n\n Camera trước: 12 MP ƒ/2.2 aperture^\n\n Quay video: Quay video 4K ở tốc độ 24 fps, 30 fps hoặc 60 fps^\n\n WLAN: 802.11ax Wi‑Fi 6 with 2x2 MIMO^\n\n Bluetooth: 5.0^\n\n GPS: GPS/GNSS^\n\n NFC: Yes^\n\n Cảm biến: FaceID, Con quay hồi chuyển, Gia tốc kế, Cảm biến tiệm cận, Cảm biến ánh sáng xung quanh^\n\n Pin: 3046 mAh\n ','2020-11-27',1,5,'https://res.cloudinary.com/dwgsm5xpa/image/upload/v1606493462/Image/iPhone%2011%20Pro%20256GB/iphone-11-Pro-2_wce3t8.jpg'),('19','iPhone 11 Pro Max 64GB',29500000,'phone','Ra mắt cùng với iPhone 11 và 11 Pro là iPhone 11 Pro Max, đây mẫu smartphone cao cấp nhất của iPhone 11 Series được ra mắt năm 2019 và sắp tới là điện thoại iPhone 12 trong năm 2020. Với thiết kế cao cấp, hệ thống camera 3 camera cùng cấu hình siêu mạnh mẽ thì đây chính là một chiếc smartphone đáp ứng mọi trải nghiệm của người dùng.','\nHãng sản xuất: Apple^\n\n Kích thước: 158.0mm - 77.8mm - 8.1mm^\n\n Trọng lượng: 226g^\n\n Bộ nhớ đệm / Ram: 4 GB^\n\n Bộ nhớ trong: 64 GB^\n\n Loại SIM: Nano-SIM + eSIM^\n\n Loại màn hình: Super Retina XDR^\n\n Kích thước màn hình: 6.5 inches^\n\n Độ phân giải màn hình: 2688 x 1242 pixels^\n\n Hệ điều hành: iOS^\n\n Phiên bản hệ điều hành: iOS 13^\n\n Chipset: A13 Bionic^\n\n Khe cắm thẻ nhớ: Không^\n\n Camera sau: 3 Camera 12MP:^\n\n - Camera tele: ƒ/2.0 aperture^\n\n - Camera góc rộng: ƒ/1.8 aperture^\n\n - Camera siêu rộng: ƒ/2.4 aperture^\n\n Camera trước: 12 MP ƒ/2.2 aperture^\n\n Quay video: Quay video 4K ở tốc độ 24 fps, 30 fps hoặc 60 fps^\n\n WLAN: 802.11ax Wi‑Fi 6 with 2x2 MIMO^\n\n Bluetooth: 5.0^\n\n GPS: GPS/GNSS^\n\n NFC: Yes^\n\n Cảm biến: FaceID, Con quay hồi chuyển, Gia tốc kế, Cảm biến tiệm cận, Cảm biến ánh sáng xung quanh^\n\n Pin: 3969 mAh\n ','2020-11-27',1,5,'https://res.cloudinary.com/dwgsm5xpa/image/upload/v1606493526/Image/iPhone%2011%20Pro%20Max%2064GB/iphone-11-Promax-1_ar0hul.png'),('20','Samsung Galaxy S20',21490000,'phone','Galaxy S20 là smartphone flagship tiếp theo được Samsung ra mắt vào đầu năm 2020. Samsung Galaxy S20 sẽ có màn hình 120Hz kèm theo những công nghệ mới nhất. Với thiết kế viền mỏng, camera độ phân giải cao hứa hẹn mang đến nhiều trải nghiệm ấn tượng cho người dùng. Ngoài ra, điện thoại Samsung Galaxy S20 cũng ra mắt thêm 2 phiên bản của Samsung S20 series là Samsung S20 Plus và Samsung S20 Ultra.','\nHãng sản xuất: Samsung^\n\nKích thước: 151.7 x 69.1 x 7.9 mm^\n\nTrọng lượng: 163 g^\n\nBộ nhớ đệm / Ram: 8 GB^\n\nBộ nhớ trong: 128 GB^\n\nLoại SIM: 2 SIM (Nano-SIM)^\n\nLoại màn hình: Dynamic AMOLED 2X, 120Hz(1080p), HDR, Gorilla Glass 6^\n\nKích thước màn hình: 6.2 inches^\n\nĐộ phân giải màn hình: 3200 x 1440 pixel^\n\nHệ điều hành: Android^\n\nPhiên bản hệ điều hành: Android 10.0; One UI 2^\n\nChipset: Exynos 990 (7 nm+)^\n\nCPU: Octa-core (2x2.73 GHz Mongoose M5 & 2x2.60 GHz Cortex-A76 & 4x2.0 GHz Cortex-A55)^\n\nGPU: Mali-G77 MP11^\n\nKhe cắm thẻ nhớ: microSDXC hỗ trợ lên đến 1TB^\n\nCamera sau: ^\n\nCamera chính: 12 MP, f/1.8, 26mm (wide), Dual Pixel PDAF, OIS^\n\nCamera tele: 64 MP, f/2.0, (telephoto), PDAF, OIS, 3x hybrid optical zoom^\n\nCamera góc siêu rộng: 12 MP, f/2.2, 13mm (ultrawide), AF, Super Steady video^\n\nCamera trước: 10 MP, f/2.2, 26mm (wide), 1/3.2\", 1.22µm, Dual Pixel PDAF^\n\nQuay video: ^\n\nSau: 3240p@30fps, 2160p@30/60fps, 1080p@30/60/240fps, HDR10+, dual-video rec., stereo sound rec., gyro-EIS & OIS^\n\nTrước: 2160p@30/60fps, 1080p@30fps^\n\n3G: HSPA 42.2/5.76 Mbps, EV-DO Rev.A 3.1 Mbps^\n\n4G: LTE-A (6CA) Cat18 1200/200 Mbps^\n\nWLAN: Wi-Fi 802.11 a/b/g/n/ac/ax, dual-band, Wi-Fi Direct, hotspot^\n\nBluetooth: 5.0, A2DP, LE, aptX^\n\nGPS: A-GPS, GLONASS, BDS, GALILEO^\n\nNFC: Yes^\n\nUSB: 3.2, Type-C 1.0^\n\nCảm biến: Cảm biến vân tay siêu âm trong màn hình, cảm biến tiệm cận, cảm biến gia tốc, con quay hồi chuyển, la bàn^\n\nPin: Li-Po 4000 mAh, Sạc nhanh 25W, Sạc không dây 15W\n ','2020-11-27',1,8,'https://res.cloudinary.com/dwgsm5xpa/image/upload/v1606493621/Image/Samsung%20Galaxy%20S20/samsung-s20-2_wshdvn.jpg'),('21','Samsung Galaxy S20+ (Plus)',23990000,'phone','Galaxy S20 Plus được biết là phiên bản có cấu hình mạnh hơn của Samsung S20 và Samsung S20 Ultra. Samsung S20 Plus có kính thước màn hình lớn hơn và cấu hình khá tương đồng với người anh em Galaxy S20.','\nHãng sản xuất: Samsung^\n\n Kích thước: 161.9 x 73.7 x 7.8 mm^\n\n Trọng lượng: 186 g^\n\n Bộ nhớ đệm / Ram: 8 GB^\n\n Bộ nhớ trong: 128 GB^\n\n Loại SIM: 2 SIM (Nano-SIM)^\n\n Loại màn hình: Dynamic AMOLED 2X, 120Hz(1080p), HDR, Gorilla Glass 6^\n\n Kích thước màn hình: 6.7 inches^\n\n Độ phân giải màn hình: 3200 x 1440 pixel^\n\n Hệ điều hành: Android^\n\n Phiên bản hệ điều hành: Android 10^\n\n Chipset: Exynos 990 (7 nm+)^\n\n CPU: Octa-core (2x2.73 GHz Mongoose M5 & 2x2.60 GHz Cortex-A76 & 4x2.0 GHz Cortex-A55)^\n\n GPU: Mali-G77 MP11^\n\n Khe cắm thẻ nhớ: microSDXC hỗ trợ thẻ nhớ lên đến 1TB^\n\n Camera sau: ^\n\n -Camera chính: 12 MP, f/1.8, 26mm (wide), Dual Pixel PDAF, OIS^\n\n - Camera tele: 64 MP, f/2.0, (telephoto), PDAF, OIS, 3x hybrid optical zoom^\n\n -Camera góc siêu rộng: 12 MP, f/2.2, 13mm (ultrawide), AF, Super Steady video^\n\n -Camera ToF: 0.3 MP^\n\n Camera trước: 10 MP, f/2.2, 26mm (wide), 1/3.2\", 1.22µm, Dual Pixel PDAF^\n\n Quay video: ^\n\n Sau: 3240p@30fps, 2160p@30/60fps, 1080p@30/60/240fps, HDR10+, dual-video rec., stereo sound rec., gyro-EIS & OIS^\n\n Trước: 2160p@30/60fps, 1080p@30fps^\n\n 3G: HSPA 42.2/5.76 Mbps, EV-DO Rev.A 3.1 Mbps^\n\n 4G: LTE-A (6CA) Cat18 1200/200 Mbps^\n\n WLAN: Wi-Fi 802.11 a/b/g/n/ac/ax, dual-band, Wi-Fi Direct, hotspot^\n\n Bluetooth: 5.0, A2DP, LE, aptX^\n\n GPS: A-GPS, GLONASS, BDS, GALILEO^\n\n NFC: Yes^\n\n USB: 3.2, Type-C 1.0^\n\n Cảm biến: Cảm biến vân tay siêu âm trong màn hình, cảm biến tiệm cận, cảm biến gia tốc, con quay hồi chuyển, la bàn^\n\n Pin: Li-Po 4500 mAh, Sạc nhanh 25W, Sạc không dây 15W\n ','2020-11-27',1,8,'https://res.cloudinary.com/dwgsm5xpa/image/upload/v1606493693/Image/Samsung%20Galaxy%20S20%2B%20%28Plus%29/samsungs20-plus-5_vrnt7k.jpg'),('22','Samsung Galaxy S20 Ultra',29990000,'phone','Galaxy S20 Ultra là flagship mới của dòng Samsung Galaxy S sẽ được Samsung giới thiệu vào đầu năm 2020. Samsung Galaxy S20 Ultra sẽ là phiên bản cao cấp nhất bên cạnh phiên bản cơ bản Samsung S20 và Samsung S20 Plus. S20 Ultra sẽ được trang bị những tính năng tuyệt vời. Dung lượng pin lớn, màn hình được trang bị tần số quét 120Hz, camera chính có độ phân giải 108mp sẽ là những tính năng nổi bật nhất','\nHãng sản xuất: Samsung^\n\n Kích thước: 166.9 x 76 x 8.8 mm^\n\n Trọng lượng: 222 g^\n\n Bộ nhớ đệm / Ram: 12 GB^\n\n Bộ nhớ trong: 128 GB^\n\n Loại SIM: 2 SIM (Nano-SIM)^\n\n Loại màn hình: Dynamic AMOLED 2X, 120Hz(1080p), HDR10+, Gorilla Glass 6^\n\n Kích thước màn hình: 6.9 inches^\n\n Độ phân giải màn hình: 3200 x 1440 pixel^\n\n Hệ điều hành: Android^\n\n Phiên bản hệ điều hành: Android 10.0; One UI 2^\n\n Chipset: Exynos 990 (7 nm+)^\n\n CPU: Octa-core (2x2.73 GHz Mongoose M5 & 2x2.60 GHz Cortex-A76 & 4x2.0 GHz Cortex-A55)^\n\n GPU: Mali-G77 MP11^\n\n Khe cắm thẻ nhớ: microSDXC hỗ trợ lên đến 1TB^\n\n Camera sau: ^\n\n -Camera chính: 108 MP, f/1.8, 26mm (wide), PDAF, OIS^\n\n -Camera siêu rộng:12 MP, f/2.2, 13mm (ultrawide), 1.4µm, AF, Super Steady video^\n\n -Camera Zoom: 48 MP, f/3.6, 102mm (telephoto), 1/2\", 0.8µm, PDAF, OIS, 10x hybrid optical zoom^\n\n -Camera TOF: 0.3 MP^\n\n Camera trước: 40 MP, f/2.2, 26mm (wide), PDAF^\n\n Quay video:^\n\n -Sau: 3240p@30fps, 2160p@30/60fps, 1080p@30/60/240fps, HDR10+, dual-video rec., stereo sound rec., gyro-EIS & OIS^\n\n -Trước: 2160p@30/60fps, 1080p@30fps^\n\n 3G: HSPA 42.2/5.76 Mbps, EV-DO Rev.A 3.1 Mbps^\n\n 4G: LTE-A (6CA) Cat18 1200/200 Mbps^\n\n WLAN: Wi-Fi 802.11 a/b/g/n/ac/ax, dual-band, Wi-Fi Direct, hotspot^\n\n Bluetooth: 5.0, A2DP, LE, aptX^\n\n GPS: A-GPS, GLONASS, BDS, GALILEO^\n\n NFC: Yes^\n\n USB: 3.2, Type-C 1.0^\n\n Cảm biến: Cảm biến vân tay siêu âm trong màn hình, cảm biến tiệm cận, cảm biến gia tốc, con quay hồi chuyển, la bàn^\n\n Pin: Li-Po 5000 mAh, Sạc nhanh 45W, Sạc không dây 15W\n ','2020-11-27',1,8,'https://res.cloudinary.com/dwgsm5xpa/image/upload/v1606493766/Image/Samsung%20Galaxy%20S20%20Ultra/samsungs20-ultra-3_fgb2aa.jpg'),('23','Laptop Acer Aspire 3 A315 54K 37B0 i3 8130U/4GB/256GB/Win10 (NX.HEESV.00D)',9990000,'laptop','Acer Aspire 3 A315 54K 37B0 i3 (NX.HEESV.00D) là mẫu laptop học tập - văn phòng, đáp ứng tất cả các nhu cầu học tập và làm việc cơ bản. Thiết kế mỏng nhẹ giúp bạn có thể di chuyển nhiều nơi một cách dễ dàng.','\nBộ xử lý^\n\n Công nghệ CPU:Intel Core i3 Coffee Lake^\n\n Loại CPU:8130U^\n\n Tốc độ CPU:2.20 GHz^\n\n Tốc độ tối đa:Turbo Boost 3.4 GHz^\n\n Bộ nhớ RAM, Ổ cứng^\n\n RAM:4 GB^\n\n Loại RAM:DDR4 (On board +1 khe)^\n\n Tốc độ Bus RAM:2400 MHz^\n\n Hỗ trợ RAM tối đa:12 GB^\n\n Ổ cứng:Hỗ trợ khe cắm HDD SATA, SSD 256GB NVMe PCIe^\n\n Màn hình^\n\n Kích thước màn hình:15.6 inch^\n\n Độ phân giải:Full HD (1920 x 1080)^\n\n Công nghệ màn hình:60Hz, Acer ComfyView^\n\n Đồ họa và Âm thanh^\n\n Thiết kế card:Card đồ họa tích hợp^\n\n Card đồ họa:Intel® HD Graphics 620^\n\n Công nghệ âm thanh:Stereo, Mini Jack x 1^\n\n Cổng kết nối & tính năng mở rộng^\n\n Cổng giao tiếp:2 x USB 2.0,USB 3.1,HDMI,LAN (RJ45)^\n\n Kết nối không dây:Bluetooth 4.2, Wi-Fi 802.11 a/b/g/n/ac^\n\n Webcam:VGA Webcam^\n\n Đèn bàn phím:Không^\n\n Pin & Adapter sạc^\n\n Model Adapter sạc:A18-045N2A^\n\n Loại PIN:PIN liền^\n\n Thông tin Pin:Li-Ion 2 cell^\n\n Hệ điều hành^\n\n Hệ điều hành:Windows 10 Home SL^\n\n Kích thước & trọng lượng^\n\n Kích thước:Dài 363.4 mm - Rộng 247.5 mm - Dày 19.9 mm^\n\n Trọng lượng:1.7 kg^\n\n Chất liệu:Vỏ nhựa^\n\n Thông tin khác^\n\n Thời điểm ra mắt:2019^\n\n ','2020-11-28',1,8,'https://res.cloudinary.com/dwgsm5xpa/image/upload/v1606548568/Image/Acer%20Aspire%20A315%2056%2034AY%20i3%201005G1/acer_aspire_a315_56_34ay_i31005G1_01_hd0sjm.jpg'),('24','Laptop Acer Aspire A315 56 34AY i3 1005G1/4GB/512GB/Win10 (NX.HS5SV.007)',12690000,'laptop','Thiết kế đơn giản, mỏng nhẹ cùng cấu hình tầm trung ưu tiên dành riêng cho dân văn phòng và các bạn học sinh - sinh viên, laptop Acer Aspire A315 56 34AY i3 (NX.HS5SV.007) dư sức xử gọn các ứng dụng kết nối, trang web giải trí hằng ngày.','\nBộ xử lý^\n\n Công nghệ CPU:Intel Core i3 Ice Lake^\n\n Loại CPU:1005G1^\n\n Tốc độ CPU:1.20 GHz^\n\n Tốc độ tối đa:Turbo Boost 3.4 GHz^\n\n Bộ nhớ RAM, Ổ cứng^\n\n RAM:4 GB^\n\n Loại RAM:DDR4 (On board +1 khe)^\n\n Tốc độ Bus RAM:2400 MHz^\n\n Hỗ trợ RAM tối đa:12 GB^\n\n Ổ cứng:Hỗ trợ khe cắm HDD SATA, SSD: 512 GB, M.2 PCIe^\n\n Màn hình^\n\n Kích thước màn hình:15.6 inch^\n\n Độ phân giải:Full HD (1920 x 1080)^\n\n Công nghệ màn hình:TFT,Acer ComfyView,LED Backlit^\n\n Đồ họa và Âm thanh^\n\n Thiết kế card:Card đồ họa tích hợp^\n\n Card đồ họa:Intel UHD Graphics^\n\n Công nghệ âm thanh:Stereo speakers^\n\n Cổng kết nối & tính năng mở rộng^\n\n Cổng giao tiếp:2 x USB 2.0,USB 3.1,HDMI,LAN (RJ45)^\n\n Kết nối không dây:Bluetooth v5.0, Wi-Fi 802.11 a/b/g/n/ac^\n\n Webcam:VGA Webcam^\n\n Tính năng khác:Bản lề mở 180 độ^\n\n Đèn bàn phím:Không^\n\n Pin & Adapter sạc^\n\n Model Adapter sạc:ADP-45 FE F^\n\n Loại PIN:PIN liền^\n\n Thông tin Pin:Li-Ion 2 cell^\n\n Hệ điều hành^\n\n Hệ điều hành:Windows 10 Home SL^\n\n Kích thước & trọng lượng^\n\n Kích thước:Dài 363.4 - Rộng 247.5 mm - Dày 19.9 mm^\n\n Trọng lượng:1.7 kg^\n\n Chất liệu:Vỏ nhựa^\n\n Thông tin khác^\n\n Thời điểm ra mắt:2020^\n\n \n ','2020-11-28',1,7,'https://res.cloudinary.com/dwgsm5xpa/image/upload/v1606548102/Image/Acer%20Aspire%203%20A315%2054K%2037B0%20i3%208130U/acer_aspire_3-a315_01_qd8rnf.jpg'),('25','Laptop Acer Nitro AN515 55 70AX i7 10750H/8GB/512GB/4GB GTX1650Ti/Win10 (NH.Q7NSV.001)',28290000,'laptop','Acer Nitro AN515 55 70AX i7 10750H (NH.Q7NSV.001) mạnh mẽ chính là từ diễn tả chính xác nhất lẫn về cấu hình và thiết kế của chiếc laptop này. Máy được trang bị chip Intel Core i7, card đồ họa rời NVIDIA GeForce GTX 1650Ti 4GB bạn có thể thỏa thích chiến các tựa game có cấu hình cực khủng.','\nBộ xử lý^\n\n Công nghệ CPU:Intel Core i7 Comet Lake^\n\n Loại CPU:10750H^\n\n Tốc độ CPU:2.60 GHz^\n\n Tốc độ tối đa:Turbo Boost 5.0 GHz^\n\n Bộ nhớ RAM, Ổ cứng^\n\n RAM:8 GB^\n\n Loại RAM:DDR4 (2 khe)^\n\n Tốc độ Bus RAM:2933 MHz^\n\n Hỗ trợ RAM tối đa:32 GB^\n\n Ổ cứng: Hỗ trợ khe cắm HDD SATA,SSD: 512 GB, M.2 PCIe,Hỗ trợ khe cắm SSD M.2 PCIe^\n\n Màn hình^\n\n Kích thước màn hình:15.6 inch^\n\n Độ phân giải:Full HD (1920 x 1080)^\n\n Công nghệ màn hình:60Hz,Tấm nền IPS,Acer ComfyView^\n\n Đồ họa và Âm thanh^\n\n Thiết kế card:Card đồ họa rời^\n\n Card đồ họa:NVIDIA GeForce GTX 1650Ti 4GB^\n\n Công nghệ âm thanh:DTS® X:Ultra Audio^\n\n Cổng kết nối & tính năng mở rộng^\n\n Cổng giao tiếp:3 x USB 3.2^\n\n Kết nối không dây:Wi-Fi 6 AX201, Bluetooth v5.0^\n\n Webcam:Được tích hợp^\n\n Tính năng khác:Đèn bàn phím chuyển màu RGB^\n\n Đèn bàn phím:Có^\n\n Pin & Adapter sạc^\n\n Model Adapter sạc:ADP-135NB B^\n\n Loại PIN:PIN liền^\n\n Thông tin Pin:Li-Ion 4 cell^\n\n Hệ điều hành^\n\n Hệ điều hành:Windows 10 Home SL^\n\n Kích thước & trọng lượng^\n\n Kích thước:Dài 363.4 mm - Rộng 255 mm - Dày 23.9 mm^\n\n Trọng lượng:2.3 kg^\n\n Chất liệu:Vỏ nhựa^\n\n Thông tin khác^\n\n Thời điểm ra mắt:2020^\n\n ','2020-11-28',0,NULL,'https://res.cloudinary.com/dwgsm5xpa/image/upload/v1606548331/Image/Acer%20Nitro%20AN515%2055%2070AX%20i7%2010750H/acer_nitro_an515_55_70ax_i7_10750H_02_xhrl0g.jpg'),('26','Laptop Apple MacBook Air 2017 i5 1.8GHz/8GB/128GB (MQD32SA/A)',18890000,'laptop','Vẻ ngoài đẳng cấp với kim loại nguyên khối và những đường nét thiết kế chuẩn mực, Macbook Air MQD32SA/A (2017) sẽ thu hút bất kì ai từ cái nhìn đầu tiên. Đây không chỉ là một công cụ phục vụ công việc mà hơn thế nữa là như một \"món trang sức\" tôn lên vẻ đẳng cấp của người sử dụng.\r\nMáy tính xách tay Macbook trong bài viết này rất nhẹ và mỏng phù hợp cho mọi đối tượng sử dụng, mang đi mọi nơi.\r\n','\nBộ xử lý^\n\n Công nghệ CPU:Intel Core i5 Broadwell^\n\n Tốc độ CPU:1.80 GHz^\n\n Tốc độ tối đa:Turbo Boost 2.9 GHz^\n\n Bộ nhớ RAM, Ổ cứng^\n\n RAM:8 GB^\n\n Loại RAM:DDR3L(On board)^\n\n Tốc độ Bus RAM:1600 MHz^\n\n Hỗ trợ RAM tối đa:Không hỗ trợ nâng cấp^\n\n Ổ cứng:SSD: 128 GB^\n\n Màn hình^\n\n Kích thước màn hình:13.3 inch^\n\n Độ phân giải:WXGA+(1440 x 900)^\n\n Công nghệ màn hình:LED Backlit^\n\n Đồ họa và Âm thanh^\n\n Thiết kế card:Card đồ họa tích hợp^\n\n Card đồ họa:Intel HD Graphics 6000^\n\n Công nghệ âm thanh:Combo Microphone & Headphone^\n\n Cổng kết nối & tính năng mở rộng^\n\n Cổng giao tiếp:MagSafe 2,2 x USB 3.0,Thunderbolt 2^\n\n Kết nối không dây:Bluetooth v4.0, Wi-Fi 802.11 a/b/g/n^\n\n Khe đọc thẻ nhớ:SDXC^\n\n Webcam:1 MP, HD webcam^\n\n Đèn bàn phím:Có^\n\n Tính năng khác:Micro kép^\n\n Pin & Adapter sạc^\n\n Model Adapter sạc:-^\n\n Loại PIN:PIN liền^\n\n Thông tin Pin:Khoảng 12 giờ^\n\n Hệ điều hành^\n\n Hệ điều hành:Mac OS^\n\n Kích thước & trọng lượng^\n\n Kích thước:Dài 325 mm - Ngang 227 mm - Dày 17 mm^\n\n Trọng lượng:1.35 Kg^\n\n Chất liệu:Vỏ kim loại nguyên khối^\n\n Thông tin khác^\n\n Thời điểm ra mắt:2017^\n\n ','2020-11-28',0,NULL,'https://res.cloudinary.com/dwgsm5xpa/image/upload/v1606548678/Image/MacBook%20Air%202017%20i5%201.8GHz/apple_macbook_air_mqd32sa_a_i5-5350u_04_uowxfk.jpg'),('27','Laptop Apple MacBook Air 2020 i3 1.1GHz/8GB/256GB (MWTL2SA/A)',28990000,'laptop','MacBook Air Core i3 phiên bản 2020 giữ nguyên những ưu điểm của thế hệ trước đồng thời cải tiến về hiệu năng, sử dụng bàn phím Magic như trên chiếc MacBook Pro 2019.\r\n','\nBộ xử lý^\n\n Công nghệ CPU:Intel Core i3 Thế hệ 10^\n\n Tốc độ CPU:1.10 GHz^\n\n Tốc độ tối đa:Turbo Boost 3.2 GHz^\n\n Bộ nhớ RAM, Ổ cứng^\n\n RAM:8 GB^\n\n Loại RAM:LPDDR4X (On board)^\n\n Tốc độ Bus RAM:3733 MHz^\n\n Hỗ trợ RAM tối đa:Không hỗ trợ nâng cấp^\n\n Ổ cứng:SSD: 256 GB^\n\n Màn hình^\n\n Kích thước màn hình:13.3 inch^\n\n Độ phân giải:Retina (2560 x 1600)^\n\n Công nghệ màn hình:Công nghệ IPS, LED Backlit^\n\n Đồ họa và Âm thanh^\n\n Thiết kế card:Card đồ họa tích hợp^\n\n Card đồ họa:Intel® Iris® Plus Graphics^\n\n Công nghệ âm thanh:3 microphones,Headphones,Loa kép (2 kênh)^\n\n Cổng kết nối & tính năng mở rộng^\n\n Cổng giao tiếp:2 x Thunderbolt 3 (USB-C)^\n\n Kết nối không dây:Bluetooth v5.0, Wi-Fi 802.11 a/b/g/n/ac^\n\n Webcam:FaceTime Camera^\n\n Tính năng khác:Hỗ trợ eGPU rời, Bảo mật vân tay^\n\n Đèn bàn phím:Có^\n\n Pin & Adapter sạc^\n\n Model Adapter sạc:-^\n\n Loại PIN:PIN liền^\n\n Thông tin Pin:Khoảng 10 tiếng^\n\n Hệ điều hành^\n\n Hệ điều hành:Mac OS^\n\n Kích thước & trọng lượng^\n\n Kích thước:Dài 304.1 mm - Rộng 212.4 mm - Dày 4.1 mm đến 16.1 mm^\n\n Trọng lượng:1.29 kg^\n\n Chất liệu:Vỏ kim loại nguyên khối^\n\n Thông tin khác^\n\n Thời điểm ra mắt:2020^\n\n ','2020-11-28',1,12,'https://res.cloudinary.com/dwgsm5xpa/image/upload/v1606548812/Image/MacBook%20Air%202020%20i3/apple_macbook_air_2020_i3_02_z2yhy2.jpg'),('28','Laptop Asus VivoBook Gaming F571GT i5 9300H/8GB/32GB+512GB/120Hz/4GB GTX1650/Win10 (AL851T)\r\n',21790000,'laptop','Asus VivoBook Gaming F571GT i5 (AL851T) được trang bị phần cứng ấn tượng, thiết kế tối giản, gọn nhẹ. Trang bị bộ vi xử lý Intel Core i5 thế hệ 9, card đồ họa rời NVIDIA GeForce GTX 1650 4 GB cho hiệu năng ổn định, phù hợp với nhu cầu làm việc cao và giải trí với các tựa game.\r\n','\nBộ xử lý^\n\n Công nghệ CPU:Intel Core i5 Coffee Lake^\n\n Loại CPU:9300H^\n\n Tốc độ CPU:2.40 GHz^\n\n Tốc độ tối đa:Turbo Boost 4.1 GHz^\n\n Bộ nhớ RAM, Ổ cứng^\n\n RAM:8 GB^\n\n Loại RAM:DDR4 (On board 4GB +1 khe 4GB)^\n\n Tốc độ Bus RAM:2666 MHz^\n\n Hỗ trợ RAM tối đa:20 GB^\n\n Ổ cứng:Hỗ trợ khe cắm HDD SATA,Intel Optane 32GB (H10),SSD: 512 GB, M.2 PCIe^\n\n Màn hình^\n\n Kích thước màn hình:15.6 inch^\n\n Độ phân giải:Full HD (1920 x 1080), 120Hz^\n\n Công nghệ màn hình:Chống chói Anti Glare,Tấm nền IPS,LED Backlit^\n\n Đồ họa và Âm thanh^\n\n Thiết kế card:Card đồ họa rời^\n\n Card đồ họa:NVIDIA® GeForce GTX™ 1650 4GB^\n\n Công nghệ âm thanh:Audio by Harman/Kardon^\n\n Cổng kết nối & tính năng mở rộng^\n\n Cổng giao tiếp:1 x USB 3.2,2 x USB 2.0,HDMI,LAN (RJ45),USB Type-C^\n\n Kết nối không dây:Bluetooth 4.2, Wi-Fi 802.11 a/b/g/n/ac^\n\n Khe đọc thẻ nhớ:Micro SD^\n\n Webcam:HD webcam^\n\n Tính năng khác:Bảo mật vân tay^\n\n Đèn bàn phím:Không^\n\n Pin & Adapter sạc^\n\n Model Adapter sạc:A18-150P1A^\n\n Loại PIN:PIN liền^\n\n Thông tin Pin:Li-Ion 3 cell^\n\n Hệ điều hành^\n\n Hệ điều hành:Windows 10 Home SL^\n\n Kích thước & trọng lượng^\n\n Kích thước:Dài 359 mm - Rộng 248 mm - Dày 21.9 mm^\n\n Trọng lượng:1.8 kg^\n\n Chất liệu:Vỏ nhựa^\n\n Thông tin khác^\n\n Thời điểm ra mắt:2020^\n\n ','2020-11-28',1,6,'https://res.cloudinary.com/dwgsm5xpa/image/upload/v1606548895/Image/Asus%20VivoBook%20Gaming%20F571GT%20i5%209300H/asus_vivobook_gaming_f571gt_i5_al851t_02_slkvdd.jpg'),('29','Laptop Asus VivoBook X509JP i5 1035G1/8GB/512GB/2GB MX330/Win10 (EJ023T)',17190000,'laptop','Nếu bạn cần một chiếc máy tính xách tay để làm việc văn phòng, học tập online hay thiết kế đồ họa thì Asus VivoBook X509JP i5 (EJ023T) có thể đáp ứng tốt. Sở hữu bộ vi xử lí thế hệ 10 của Intel và card đồ họa rời, VivoBook X509JP cho khả năng làm việc mượt mà, đồ họa 2D chuyên nghiệp.','\nBộ xử lý^\n\n Công nghệ CPU:Intel Core i5 Ice Lake^\n\n Loại CPU:1035G1^\n\n Tốc độ CPU:1.00 GHz^\n\n Tốc độ tối đa:Turbo Boost 3.6 GHz^\n\n Bộ nhớ RAM, Ổ cứng^\n\n RAM:8 GB^\n\n Loại RAM:DDR4 (On board 4GB +1 khe 4GB)^\n\n Tốc độ Bus RAM:2666 MHz^\n\n Hỗ trợ RAM tối đa:20 GB^\n\n Ổ cứng:Hỗ trợ khe cắm HDD SATA, SSD: 512 GB, M.2 PCIe^\n\n Màn hình^\n\n Kích thước màn hình:15.6 inch^\n\n Độ phân giải:Full HD (1920 x 1080)^\n\n Công nghệ màn hình:60Hz,Chống chói Anti-Glare,LED Backlit^\n\n Đồ họa và Âm thanh^\n\n Thiết kế card:Card đồ họa rời^\n\n Card đồ họa:\'NVIDIA GeForce MX330, 2GB^\n\n Công nghệ âm thanh:SonicMaster audio^\n\n Cổng kết nối & tính năng mở rộng^\n\n Cổng giao tiếp:2 x USB 2.0,USB 3.1,HDMI,USB Type-C^\n\n Kết nối không dây:Bluetooth 4.2, Wi-Fi 802.11 a/b/g/n/ac^\n\n Khe đọc thẻ nhớ:Micro SD^\n\n Webcam:VGA Webcam^\n\n Tính năng khác:Bảo mật vân tay^\n\n Đèn bàn phím:Không^\n\n Pin & Adapter sạc^\n\n Model Adapter sạc:ADP-65DW Z^\n\n Loại PIN:PIN liền^\n\n Thông tin Pin:Li-Ion 2 cell^\n\n Hệ điều hành^\n\n Hệ điều hành:Windows 10 Home SL^\n\n Kích thước & trọng lượng^\n\n Kích thước:Dài 360.2 mm - Rộng 234.9 - Dày 22.9 mm^\n\n Trọng lượng:1.73 kg^\n\n Chất liệu:Vỏ nhựa^\n\n Thông tin khác^\n\n Thời điểm ra mắt:2019^\n\n ','2020-11-28',0,NULL,'https://res.cloudinary.com/dwgsm5xpa/image/upload/v1606548985/Image/Asus%20VivoBook%20X509JP%20i5%201035G1/asus_vivobook_x509jp_i5_1035G1_01_pypkme.png'),('30','Laptop Dell Inspiron 5593 i5 1035G1/8GB/256GB/2GB MX230/Win10 (N5I5513W)',17990000,'laptop','\r\nLaptop Dell Inspiron 5593 sở hữu ngoại hình với lớp vỏ nhựa màu bạc thanh lịch, thời trang, hoàn thiện chắc chắn và vát mỏng đều ở các góc cạnh. Tuy nhiên, trọng lượng máy lên đến 2.05 kg, không quá nặng đối với những ai phải thường xuyên mang laptop ra ngoài làm việc.\r\n','\nBộ xử lý^\n\n Công nghệ CPU: Intel Core i5 Ice Lake^\n\n Loại CPU: 1035G1^\n\n Tốc độ CPU: 1.00 GHz^\n\n Tốc độ tối đa: Turbo Boost 3.6 GHz^\n\n Bộ nhớ RAM, Ổ cứng^\n\n RAM: 8 GB^\n\n Loại RAM: DDR4 (2 khe)^\n\n Tốc độ Bus RAM: 2666 MHz^\n\n Hỗ trợ RAM tối đa: 16 GB^\n\n Ổ cứng: SSD 256GB NVMe PCIe, Hỗ trợ khe cắm HDD SATA^\n\n Màn hình^\n\n Kích thước màn hình: 15.6 inch^\n\n Độ phân giải: Full HD (1920 x 1080)^\n\n Công nghệ màn hình^\n\n 60Hz^\n\n LED Backlit^\n\n Chống chói Anti-Glare^\n\n Màn hình cảm ứng: Không^\n\n Đồ họa và Âm thanh^\n\n Thiết kế card: Card đồ họa rờiv\n Card đồ họa: NVIDIA GeForce MX230 2GB^\n\n Công nghệ âm thanh: Waves MaxxAudio^\n\n Cổng kết nối & tính năng mở rộng^\n\n Cổng giao tiếp^\n\n 2 x USB 3.1^\n\n HDMI^\n\n LAN (RJ45)^\n\n USB 2.0^\n\n USB Type-C^\n\n Kết nối không dây: Bluetooth 4.1, Wi-Fi 802.11 a/b/g/n/ac^\n\n Khe đọc thẻ nhớ	SD^\n\n Ổ đĩa quang: Không^\n\n Webcam: HD webcam^\n\n Tính năng khác: Không^\n\n Đèn bàn phím: Có^\n\n Pin & Adapter sạc^\n\n Model Adapter sạc: LA65NS2-01^\n\n Loại PIN: PIN liền^\n\n Thông tin Pin: Li-Ion 3 cell^\n\n Hệ điều hành^\n\n Hệ điều hành: Windows 10 Home SL^\n\n Kích thước & trọng lượng^\n\n Kích thước: Dài 363.96 mm - Rộng 249 mm - Dày 19.9 mm^\n\n Trọng lượng: 2.05 kg^\n\n Chất liệu:  Vỏ nhựa^\n\n Thông tin khác^\n\n Thời điểm ra mắt: 2019^\n\n ','2020-11-28',0,NULL,'https://res.cloudinary.com/dwgsm5xpa/image/upload/v1606549076/Image/Dell%20Inspiron%205593%20i5%201035G1/Dell_Inspiron_5593_i5_1035G1_02_aqnwug.jpg'),('31','Laptop Dell Vostro 3491 i3 1005G1/4GB/256GB/Win10 (70223127)',10990000,'laptop','Laptop Dell Vostro 3491 i3 (70223127) có thiết kế cứng cáp, đơn giản cùng cấu hình ổn định, sử dụng mượt với các phần mềm học tập văn phòng, làm việc, giải trí hằng ngày phù hợp với những bạn sinh viên có kinh phí thấp muốn tìm kiếm một chiếc laptop đồng hành trong việc học.','\nBộ xử lý^\n\n Công nghệ CPU:Intel Core i3 Ice Lake^\n\n Loại CPU:1005G1^\n\n Tốc độ CPU:1.20 GHz^\n\n Tốc độ tối đa:Turbo Boost 3.4 GHz^\n\n Bộ nhớ RAM, Ổ cứng^\n\n RAM:4 GB^\n\n Loại RAM:DDR4 (2 khe)^\n\n Tốc độ Bus RAM:2666 MHz^\n\n Hỗ trợ RAM tối đa:16 GB^\n\n Ổ cứng:SSD 256GB NVMe PCIe^\n\n Màn hình^\n\n Kích thước màn hình:14 inch^\n\n Độ phân giải:Full HD (1920 x 1080)^\n\n Công nghệ màn hình:Chống chói Anti Glare,60Hz,LED Backlit^\n\n Đồ họa và Âm thanh^\n\n Thiết kế card:Card đồ họa tích hợp^\n\n Card đồ họa:Intel UHD Graphics^\n\n Công nghệ âm thanh:Realtek High Definition Audio^\n\n Cổng kết nối & tính năng mở rộng^\n\n Cổng giao tiếp:2 x USB 3.1,HDMI,LAN (RJ45),USB 2.0^\n\n Kết nối không dây:Bluetooth, Wi-Fi 802.11 a/b/g/n/ac^\n\n Khe đọc thẻ nhớ:SD^\n\n Webcam:HD webcam^\n\n Tính năng khác:Bảo mật vân tay^\n\n Đèn bàn phím:Không^\n\n Pin & Adapter sạc^\n\n Model Adapter sạc:HA45NM140^\n\n Loại PIN:PIN liền^\n\n Thông tin Pin:Li-Ion 3 cell^\n\n Hệ điều hành^\n\n Hệ điều hành:Windows 10 Home SL^\n\n Kích thước & trọng lượng^\n\n Kích thước:Dài 339 mm - Rộng 242 mm - Dày 21 mm^\n\n Trọng lượng:1.66 kg^\n\n Chất liệu:Vỏ nhựa^\n\n Thông tin khác^\n\n Thời điểm ra mắt:2020^\n\n ','2020-11-28',0,NULL,'https://res.cloudinary.com/dwgsm5xpa/image/upload/v1606549154/Image/Dell%20Vostro%203491%20i3%201005G1/dell_vostro_3491_i3_1005G1_03_qkikth.jpg'),('32','Laptop HP 15s du1056TU 6405U/4GB/512GB/Win10 (1W7R5PA)',8890000,'laptop','Laptop HP 15s du1056TU (1W7R5PA) là một sản phẩm phù hợp nếu bạn đang muốn tìm một chiếc máy tính có cấu hình ổn định áp dụng cho việc học tập và làm việc văn phòng cơ bản. Laptop có thiết kế gọn nhẹ giúp bạn dễ dàng hơn trong việc mang đi học hay đi làm.','\nBộ xử lý^\n\n Công nghệ CPU:Intel Pentium^\n\n Loại CPU:6405U^\n\n Tốc độ CPU:2.40 GHz^\n\n Bộ nhớ RAM, Ổ cứng^\n\n RAM:4 GB^\n\n Loại RAM:DDR4 (1 khe)^\n\n Tốc độ Bus RAM:2400 MHz^\n\n Hỗ trợ RAM tối đa:8 GB^\n\n Ổ cứng:Hỗ trợ khe cắm HDD SATA, SSD: 512 GB, M.2 PCIe^\n\n Màn hình^\n\n Kích thước màn hình:15.6 inch^\n\n Độ phân giải:Full HD (1920 x 1080)^\n\n Công nghệ màn hình:SVA,60Hz,LED Backlit^\n\n Đồ họa và Âm thanh^\n\n Thiết kế card:Card đồ họa tích hợp^\n\n Card đồ họa:Intel® UHD Graphics 605^\n\n Công nghệ âm thanh:Stereo speakers^\n\n Cổng kết nối & tính năng mở rộng^\n\n Cổng giao tiếp:2 x USB 3.0,HDMI,LAN (RJ45),USB Type-C^\n\n Kết nối không dây:Bluetooth 4.2, Wi-Fi 802.11 a/b/g/n/ac^\n\n Khe đọc thẻ nhớ:SD^\n\n Webcam:VGA Webcam^\n\n Đèn bàn phím:Không^\n\n Pin & Adapter sạc^\n\n Loại PIN:PIN liền^\n\n Thông tin Pin:Li-Ion 3 cell^\n\n Hệ điều hành^\n\n Hệ điều hành:Windows 10 Home SL^\n\n Kích thước & trọng lượng^\n\n Kích thước:Dài 358.5 mm - Rộng 242 mm - Dày 19.9 mm^\n\n Trọng lượng:1,78 kg^\n\n Chất liệu:Vỏ nhựa^\n\n Thông tin khác^\n\n Thời điểm ra mắt:2020^\n\n ','2020-11-28',0,NULL,'https://res.cloudinary.com/dwgsm5xpa/image/upload/v1606549226/Image/HP%2015s%20du1056TU%206405U/hp_15s_du1056tu_6405u_02_xtehui.jpg'),('33','Laptop HP 15s du1076TX i5 10210U/8GB/512GB/2GB MX130/Win10 (1R8E2PA)',17490000,'laptop','Laptop HP 15s du1076TX (1R8E2PA) là chiếc laptop phù hợp với các bạn học sinh sinh viên với ngoại hình tinh tế, trang nhã, hiệu năng mạnh mẽ với các tác vụ thường ngày.\r\n','\nBộ xử lý^\n\n Công nghệ CPU:Intel Core i5 Comet Lake^\n\n Loại CPU:10210U^\n\n Tốc độ CPU:1.60 GHz^\n\n Tốc độ tối đa:Turbo Boost 4.2 GHz^\n\n Bộ nhớ RAM, Ổ cứng^\n\n RAM:8 GB^\n\n Loại RAM:DDR4 (2 khe)^\n\n Tốc độ Bus RAM:2666 MHz^\n\n Hỗ trợ RAM tối đa:32 GB^\n\n Ổ cứng:Hỗ trợ khe cắm HDD SATA, SSD: 512 GB, M.2 PCIe^\n\n Màn hình^\n\n Kích thước màn hình:15.6 inch^\n\n Độ phân giải:Full HD (1920 x 1080)^\n\n Công nghệ màn hình:60Hz,Chống chói Anti Glare,Wled-backlit^\n\n Đồ họa và Âm thanh^\n\n Thiết kế card:Card đồ họa rời^\n\n Card đồ họa:NVIDIA Geforce MX130, 2GB^\n\n Công nghệ âm thanh:Realtek High Definition Audio^\n\n Cổng kết nối & tính năng mở rộng^\n\n Cổng giao tiếp:2 x USB 3.1,HDMI,LAN (RJ45),USB Type-C^\n\n Kết nối không dây:Bluetooth 4.2, Wi-Fi 802.11 a/b/g/n/ac^\n\n Khe đọc thẻ nhớ:SD^\n\n Webcam:HD webcam^\n\n Đèn bàn phím:Không^\n\n Pin & Adapter sạc^\n\n Loại PIN:PIN liền^\n\n Thông tin Pin:Li-Ion 3 cell^\n\n Hệ điều hành^\n\n Hệ điều hành:Windows 10 Home SL^\n\n Kích thước & trọng lượng^\n\n Kích thước:Dài 358.5 mm - Rộng 242 mm - Dày 19.9 mm^\n\n Trọng lượng:1.751 kg^\n\n Chất liệu:Vỏ nhựa^\n\n Thông tin khác^\n\n Thời điểm ra mắt:2020^\n\n ','2020-11-28',1,7,'https://res.cloudinary.com/dwgsm5xpa/image/upload/v1606549309/Image/HP%2015s%20du1076TX%20i5%2010210U/hp_15s_du1076tx_i5_1021U_04_zjafhl.jpg'),('34','Laptop HP Envy 13 ba1030TU i7 1165G7/8GB/512GB/Office H&S2019/Win10 (2K0B6PA)',28490000,'laptop','Laptop HP Envy 13 ba1030TU i7 (2K0B6PA) sở hữu thiết kế mỏng nhẹ, thời trang cùng cấu hình mạnh mẽ, đa nhiệm tốt rất phù hợp với những ai đang tìm kiếm một người bạn đồng hành đi mọi nơi và có hiệu suất xử lý công việc cao.','\nBộ xử lý^\n\n Công nghệ CPU:Intel Core i7 Tiger Lake^\n\n Loại CPU:1165G7^\n\n Tốc độ CPU:2.80 GHz^\n\n Tốc độ tối đa:Turbo Boost 4.7 GHz^\n\n Bộ nhớ RAM, Ổ cứng^\n\n RAM:8 GB^\n\n Loại RAM:DDR4 (On board)^\n\n Tốc độ Bus RAM:2933 MHz^\n\n Hỗ trợ RAM tối đa:Không hỗ trợ nâng cấp^\n\n Ổ cứng:SSD: 512 GB, M.2 PCIe^\n\n Màn hình^\n\n Kích thước màn hình:13.3 inch^\n\n Độ phân giải:Full HD (1920 x 1080)^\n\n Công nghệ màn hình:60Hz,Tấm nền IPS,Wled-backlit,\n Đồ họa và Âm thanh^\n\n Thiết kế card:Card đồ họa tích hợp^\n\n Card đồ họa:Intel® Iris® Xe Graphics^\n\n Công nghệ âm thanh:Bang & Olufsen audio^\n\n Cổng kết nối & tính năng mở rộng^\n\n Cổng giao tiếp:Thunderbolt 3, 2 x USB 3.1^\n\n Kết nối không dây:Wi-Fi 6 AX201, Bluetooth v5.0^\n\n Khe đọc thẻ nhớ:Micro SD^\n\n Webcam:HD webcam^\n\n Tính năng khác:Tiêu chuẩn Nền Intel Evo, Bảo mật vân tay^\n\n Đèn bàn phím:Có^\n\n Pin & Adapter sạc^\n\n Model Adapter sạc:TPN-DA14^\n\n Loại PIN:PIN liền^\n\n Thông tin Pin:Li-Ion 3 cell^\n\n Hệ điều hành^\n\n Hệ điều hành:Windows 10 Home SL + Office Home&Student 2019 vĩnh viễn^\n\n Kích thước & trọng lượng^\n\n Kích thước:Dài 306.5 mm- Rộng 194.6 mm - Dày 16.9 mm^\n\n Trọng lượng:1.236 kg^\n\n Chất liệu:Vỏ kim loại nguyên khối^\n\n Thông tin khác^\n\n Thời điểm ra mắt:2020^\n\n ','2020-11-28',1,15,'https://res.cloudinary.com/dwgsm5xpa/image/upload/v1606549442/Image/HP%20Envy%2013%20ba1030TU%20i7%201165G7/hp_envy_13_ba1030tu_i7_2k0b6pa_1165G7_04_jfjpra.jpg'),('35','Laptop Lenovo IdeaPad Flex 5 14IIL i5 1035G1/8GB/512GB/Touch/Win10 (81X1001UVN)',18990000,'laptop','Laptop Lenovo IdeaPad Flex 5 14IIL i5 (81X1001UVN) sở hữu thiết kế hiện đại 2 trong 1, kiểu dáng mỏng nhẹ, thời thượng thích hợp với doanh nhân, dân văn phòng cần một chiếc máy có hiệu năng mạnh mà vẫn đảm bảo dễ di chuyển.','\nBộ xử lý^\n\n Công nghệ CPU:Intel Core i5 Ice Lake^\n\n Loại CPU:1035G1^\n\n Tốc độ CPU:1.00 GHz^\n\n Tốc độ tối đa:Turbo Boost 3.6 GHz^\n\n Bộ nhớ RAM, Ổ cứng^\n\n RAM:8 GB^\n\n Loại RAM:DDR4 (On board)^\n\n Tốc độ Bus RAM:3200 MHz^\n\n Hỗ trợ RAM tối đa:Không hỗ trợ nâng cấp^\n\n Ổ cứng:Không hỗ trợ khe cắm HDD, SSD: 512 GB, M.2 PCIe^\n\n Màn hình^\n\n Kích thước màn hình:14 inch^\n\n Độ phân giải:Full HD (1920 x 1080)^\n\n Công nghệ màn hình:Tấm nền TN,60Hz,Chống chói Anti-Glare^\n\n Màn hình cảm ứng:Có^\n\n Đồ họa và Âm thanh^\n\n Thiết kế card:Card đồ họa tích hợp^\n\n Card đồ họa:Intel UHD Graphics^\n\n Công nghệ âm thanh:Dolby Audio™ Premium^\n\n Cổng kết nối & tính năng mở rộng^\n\n Cổng giao tiếp:2 x USB 3.0,HDMI,USB Type-C^\n\n Kết nối không dây:Bluetooth v5.0, Wi-Fi 802.11 a/b/g/n/ac^\n\n Khe đọc thẻ nhớ:SD^\n\n Webcam:HD webcam^\n\n Tính năng khác:Bảo mật vân tay^\n\n Đèn bàn phím:Có^\n\n Pin & Adapter sạc^\n\n Model Adapter sạc:ADLX65CCGE2A^\n\n Loại PIN:PIN liền^\n\n Thông tin Pin:Li-Ion 3 cell^\n\n Hệ điều hành^\n\n Hệ điều hành:Windows 10 Home SL^\n\n Kích thước & trọng lượng^\n\n Kích thước:Dài 322.6 mm - Rộng 218.5 mm - Dày 20.4 mm^\n\n Trọng lượng:1.5 kg^\n\n Chất liệu:Vỏ nhựa - nắp lưng bằng kim loại^\n\n Thông tin khác^\n\n Thời điểm ra mắt:2020^\n\n ','2020-11-28',1,9,'https://res.cloudinary.com/dwgsm5xpa/image/upload/v1606549548/Image/Lenovo%20IdeaPad%20Flex%205%2014IIL%20i5%201035G1/lenovo_ideapad_flex_5_14iil_i5_1035G1_02_ys43lq.jpg'),('36','Laptop Lenovo IdeaPad S145 15IIL i3 1005G1/4GB/256GB/Win10 (81W8001XVN)',9760000,'laptop','Laptop Lenovo IdeaPad S145 15IIL i3 (81W8001XVN) là chiếc máy tính xách tay học tập văn phòng có cấu hình đủ dùng, ngoại hình sang trọng, mỏng nhẹ cơ động. Máy được trang bị ổ cứng SSD cùng với màn hình 15.6 inch chuẩn Full HD rõ nét.\r\n','\nBộ xử lý^\n\n Công nghệ CPU:Intel Core i3 Ice Lake^\n\n Loại CPU:1005G1^\n\n Tốc độ CPU:1.20 GHz^\n\n Tốc độ tối đa:Turbo Boost 3.4 GHz^\n\n Bộ nhớ RAM, Ổ cứng^\n\n RAM:4 GB^\n\n Loại RAM:DDR4 (On board +1 khe)^\n\n Tốc độ Bus RAM:2666 MHz^\n\n Hỗ trợ RAM tối đa:12 GB^\n\n Ổ cứng:SSD 256GB NVMe PCIe, Hỗ trợ khe cắm HDD SATA^\n\n Màn hình^\n\n Kích thước màn hình:15.6 inch^\n\n Độ phân giải:Full HD (1920 x 1080)^\n\n Công nghệ màn hình:Tấm nền TN,60Hz,Chống chói Anti-Glare^\n\n Đồ họa và Âm thanh^\n\n Thiết kế card:Card đồ họa tích hợp^\n\n Card đồ họa:Intel UHD Graphics^\n\n Công nghệ âm thanh:Realtek High Definition Audio^\n\n Cổng kết nối & tính năng mở rộng^\n\n Cổng giao tiếp:2 x USB 3.0,HDMI,USB 2.0^\n\n Kết nối không dây:Bluetooth v5.0, Wi-Fi 802.11 a/b/g/n/ac^\n\n Khe đọc thẻ nhớ:SD^\n\n Webcam:0.3 MP^\n\n Đèn bàn phím:Không^\n\n Pin & Adapter sạc^\n\n Model Adapter sạc:ADLX65CCGE2A^\n\n Loại PIN:PIN liền^\n\n Thông tin Pin:Li-Ion 2 cell^\n\n Hệ điều hành^\n\n Hệ điều hành:Windows 10 Home SL^\n\n Kích thước & trọng lượng^\n\n Kích thước:Dài 358 mm - Rộng 24.5 mm - Dày 17.9 mm^\n\n Trọng lượng:1.79kg^\n\n Chất liệu:Vỏ nhựa^\n\n Thông tin khác^\n\n Thời điểm ra mắt:2019^\n\n ','2020-11-28',1,8,'https://res.cloudinary.com/dwgsm5xpa/image/upload/v1606549607/Image/Lenovo%20IdeaPad%20S145%2015IIL%20i3%201005G1/lenovo_ideapad_s145_15iil_i3_1005g1_02_ymllfp.jpg'),('4','iPhone 6S Plus 32GB',4000000,'phone','Ra mắt từ khá lâu nhưng đến thời điểm này, chiếc iPhone 6S Plus 32GB chính hãng mã VN/A đến từ nhà Táo vẫn là một sự lựa chọn được nhiều người ưa chuộng. Thiết kế sang trọng, đẳng cấp với màn hình rộng 5.5 inch cùng hiệu năng mạnh mẽ, ổn định, iPhone 6S Plus 32GB với bộ nhớ trong vừa vặn đủ dùng 32GB cùng mã VN/A mã máy chính hãng dành cho thị trường Việt Nam của Apple  đến nay vẫn chiếm nhiều ưu thế trong cuộc đua phân khúc smartphone cao cấp.','\nHãng sản xuất: Apple^\n\n Kích thước: 158.2 x 77.9 x 7.3 mm (6.23 x 3.07 x 0.29 in)^\n\n Trọng lượng: 192 g (6.77 oz)^\n\n Bộ nhớ đệm / Ram: 32 GB, 2 GB RAM^\n\n Bộ nhớ trong: 32 GB^\n\n Loại SIM: Nano-SIM^\n\n Loại màn hình: Cảm ứng điện dung LED-backlit IPS LCD, 16 triệu màu^\n\n Kích thước màn hình: 5.5 inches^\n\n Độ phân giải màn hình: 1080 x 1920 pixels^\n\n Hệ điều hành: iOS^\n\n Phiên bản hệ điều hành: 11^\n\n Chipset: Apple A9 APL1022^\n\n CPU: 2x 1.84 GHz Twister^\n\n GPU: PowerVR GT7600 (6 lõi đồ họa)^\n\n Khe cắm thẻ nhớ: Không^\n\n Camera sau: 12 MP (f/2.2, 29mm, 1/3\", 1.22 µm), tự động lấy nét nhận diện theo giai đoạn, OIS, LED flash kép (2 tone)^\n\n Camera trước: 5 MP (f/2.2, 31mm), 1080p@30fps, 720p@240fps, nhận diện khuôn mặt, HDR, panorama^\n\n Quay video: 2160p@30fps, 1080p@60fps, 1080p@120fps, 720p@240fps^\n\n 3G: HSPA 42.2/5.76 Mbps, EV-DO Rev.A 3.1 Mbps^\n\n 4G: LTE-A (2CA) Cat6 300/50 Mbps^\n\n WLAN: Wi-Fi 802.11 a/b/g/n/ac, dual-band, hotspot^\n\n Bluetooth: 4.2, A2DP, LE^\n\n GPS: A-GPS, GLONASS, GALILEO, QZSS^\n\n NFC: Yes^\n\n USB: 2.0^\n\n Cảm biến: Vân tay, gia tốc, la bàn, khoảng cách, con quay quy hồi, phong vũ biểu^\n\n Pin: Li-ion 2750 mA\n ','2020-11-27',0,NULL,'https://res.cloudinary.com/dwgsm5xpa/image/upload/v1606491847/Image/iPhone%206S%20Plus%2032GB/Iphone-6-plus-4_iumwdg.png'),('5','iPhone 7 Plus 128Gb',9790000,'phone','iPhone 7 Plus 128GB với thiết kế không quá nhiều thay đổi, vẫn bảo tồn vẻ đẹp truyền thống từ thời iPhone 6 Plus. Tuy nhiên, phần cứng iPhone 7 Plus đã được nâng cấp đáng kể như camera kép cùng cấu hình cực mạnh.','\n\n Thông số kỹ thuật\n Hãng sản xuất: Apple^\n\n Kích thước: 158.2 x 77.9 x 7.3 mm (6.23 x 3.07 x 0.29 in)^\n\n Trọng lượng: 188 g (6.63 oz)^\n\n Bộ nhớ đệm / Ram: 128 GB, 3 GB RAM^\n\n Bộ nhớ trong: 128 GB^\n\n Loại SIM: Nano-SIM^\n\n Loại màn hình: Cảm ứng điện dung LED-backlit IPS LCD, 16 triệu màu^\n\n Kích thước màn hình: 5.5 inches^\n\n Độ phân giải màn hình: 1080 x 1920 pixels^\n\n Hệ điều hành: iOS^\n\n Phiên bản hệ điều hành: 11^\n\n Chipset: Apple A10 Fusion APL1W24^\n\n CPU: 2x 2.34 GHz Hurricane & 2x 2.34 GHz Zephyr^\n\n GPU: PowerVR Series7XT Plus (6 lõi đồ họa)^\n\n Khe cắm thẻ nhớ: Không^\n\n Camera sau: 12 MP (f/1.8, 28mm, 1/3\", OIS) + 12 MP (f/2.8, 56mm, 1/3.6\"), tự động lấy nét nhận diện theo giai đoạn, 2x zoom quang học, 4 LED flash (2 tone)^\n\n Camera trước: 7 MP (f/2.2, 32mm), 1080p@30fps, 720p@240fps, nhận diện khuôn mặt, HDR^\n\n Quay video: 2160p@30fps, 1080p@30/60/120fps, 720p@240fps^\n\n 3G: HSPA 42.2/5.76 Mbps, EV-DO Rev.A 3.1 Mbps^\n\n 4G: LTE-A (3CA) Cat9 450/50 Mbps^\n\n WLAN: Wi-Fi 802.11 a/b/g/n/ac, dual-band, hotspot^\n\n Bluetooth: 4.2, A2DP, LE^\n\n GPS: A-GPS, GLONASS, GALILEO, QZSS^\n\n NFC: Yes^\n\n USB: 2.0^\n\n Cảm biến: Vân tay, gia tốc, la bàn, khoảng cách, con quay quy hồi, phong vũ biểu^\n\n Pin: Li-ion 2900 mAh\n ','2020-11-27',0,NULL,'https://res.cloudinary.com/dwgsm5xpa/image/upload/v1606492359/Image/iPhone%207%20Plus%20128Gb/iphone-7-plus-5_f33iwf.jpg'),('6','Apple iPhone 8 64GB',5990000,'phone','Được ra mắt đồng thời với điện thoại iPhone X nhưng không vì thế mà độ hot của điện thoại Apple iPhone 8 64GB (Đổi bảo hành - Chưa active) (Hàng nhập khẩu) bị lu mờ. Apple iPhone 8 64GB thậm chí sở hữu nhiều cải tiến vượt bậc so với tiền nhiệm càng củng cố vị trí dẫn đầu của hãng “táo khuyết” này.','\nHãng sản xuất: Apple^\n\n Kích thước: 138.4 x 67.3 x 7.3 mm (5.45 x 2.65 x 0.29 in)^\n\n Trọng lượng: 148 g (5.22 oz)^\n\n Bộ nhớ đệm / Ram: 64 GB, 2 GB RAM^\n\n Bộ nhớ trong: 64 GB^\n\n Loại SIM: Nano-SIM^\n\n Loại màn hình: Cảm ứng điện dung LED-backlit IPS LCD, 16 triệu màu^\n\n Kích thước màn hình: 4.7 inches^\n\n Độ phân giải màn hình: 750 x 1334 pixels^\n\n Hệ điều hành: iOS^\n\n Phiên bản hệ điều hành: 11^\n\n Chipset: Apple A11 Bionic APL1W72^\n\n CPU: 2x 2.39 GHz Monsoon & 4x 2.39 GHz Mistral^\n\n GPU: Apple GPU (3 lõi đồ họa)^\n\n Khe cắm thẻ nhớ: Không^\n\n Camera sau: 12 MP (f/1.8, 28mm), tự động lấy nét nhận diện theo giai đoạn, OIS, 4 LED flash (2 tone)^\n\n Camera trước: 7 MP, f/2.2, 1080p@30fps, 720p@240fps, nhận diện khuôn mặt, HDR, panorama^\n\n Quay video: 2160p@24/30/60fps, 1080p@30/60/120/240fps^\n\n 3G: HSPA 42.2/5.76 Mbps, EV-DO Rev.A 3.1 Mbps^\n\n 4G: LTE-A (4CA) Cat16 1024/150 Mbps^\n\n WLAN: Wi-Fi 802.11 a/b/g/n/ac, dual-band, hotspot^\n\n Bluetooth: 5.0, A2DP, LE^\n\n GPS: A-GPS, GLONASS, BDS, GALILEO^\n\n NFC: Yes^\n\n USB: 2.0^\n\n Cảm biến: Vân tay, gia tốc, la bàn, khoảng cách, con quay quy hồi, phong vũ biểu^\n\n Pin: Li-ion 1821 mAh\n ','2020-11-27',0,NULL,'https://res.cloudinary.com/dwgsm5xpa/image/upload/v1606492485/Image/Apple%20iPhone%208%2064GB/iphone-8-1_vsjmil.jpg'),('7','Realme 5 Pro 4GB',5990000,'phone','Ra mắt cùng với Realme 5 là Realme 5 Pro, đây là bộ đôi smartphone đầu tiên của thương hiệu con Oppo được trang bị 4 camera cho khả năng chụp ảnh siêu đẹp, đáp ứng các tác vụ từ cơ bản đến phức tạp nhờ trang bị cấu hình mạnh mẽ và dung lượng pin “cực khủng”. Bên cạnh đó, bạn cũng có thể tham khảo chiếc điện thoại Realme với mặt lưng ánh dương độc đáo mới được ra mắt.','\nHãng sản xuất: Realme^\n\n Kích thước: 157 mm - 74.2 mm - 8.9 mm^\n\n Trọng lượng: 184 g^\n\n Bộ nhớ đệm / Ram: 4 GB^\n\n Bộ nhớ trong: 128 GB^\n\n Loại SIM: 2 SIM (Nano-SIM)^\n\n Loại màn hình: LCD multi-Touch display^\n\n Kích thước màn hình: 6.3 inches^\n\n Độ phân giải màn hình: 1080 x 2340 pixels^\n\n Hệ điều hành: Android^\n\n Phiên bản hệ điều hành: Android 9.0 (Pie)^\n\n Chipset: Qualcomm Snapdragon 712 AIE^\n\n CPU: Octa-core CPU 10nm process technology Up to 2.3GHz clock speed^\n\n Khe cắm thẻ nhớ: MicroSD, hỗ trợ tối đa 256 GB^\n\n Camera sau: ^\n\n - Camera chính 48MP^\n\n - Camera góc rộng 8MP^\n\n - Camera chân dung 2MP^\n\n - Camera macro 2MP^\n\n Camera trước: 16 MP^\n\n Quay video: 4K video recording at 30fps, 1080p HD video recording at 30fps/60fps^\n\n WLAN: Wi-Fi 802.11 a/b/g/n/ac^\n\n Bluetooth: 5.0^\n\n GPS: GPS/Beidou/Galileo^\n\n USB: USB type-C^\n\n Cảm biến: Vân tay^\n\n Pin: 4035mAh^\n\n ','2020-11-27',1,5,'https://res.cloudinary.com/dwgsm5xpa/image/upload/v1606492574/Image/Realme%205%20Pro%204GB/realme5-pro_ohtwmp.jpg'),('8','Realme X 4GB',3890000,'phone','Vừa ra thì Realme đã cho cho mắt mẫu smartphone tầm trung mới nhất với tên gọi Realme X với cấu hình được trang bị Snapdragon 710, camera pop – up và với một mức giá mềm phù hợp với đa số người dùng phổ thông hiện nay thì Realme X sẽ là một điểm sáng trong thị trường smartphone Việt Nam hiện nay.','\nHãng sản xuất: Realme^\n\n Kích thước: 161.2 mm - 76 mm - 8.6 mm^\n\n Trọng lượng: 191 g^\n\n Bộ nhớ đệm / Ram: 6 GB^\n\n Bộ nhớ trong: 64 GB^\n\n Loại SIM: Nano-SIM^\n\n Loại màn hình: AMOLED^\n\n Kích thước màn hình: 6.5 inches^\n\n Độ phân giải màn hình: 1080 x 2340 pixels^\n\n Hệ điều hành: Android^\n\n Phiên bản hệ điều hành: Android 9.0 (Pie)^\n\n Chipset: Snapdragon 710 8 nhân 64-bit^\n\n CPU: 2 nhân 2.2 GHz 360 Gold & 6 nhân 1.7 GHz Kryo 360 Silver^\n\n GPU: Adreno 616^\n\n Khe cắm thẻ nhớ: Không^\n\n Camera sau: Chính 48 MP & Phụ 5 MP^\n\n Camera trước: 16MP^\n\n Quay video: Quay phim siêu chậm 960 fps, Quay phim FullHD 1080p@30fps, Quay phim FullHD 1080p@120fps, Quay phim 4K 2160p@30fps^\n\n WLAN: Wi-Fi 802.11 a/b/g/n/ac, Dual-band, Wi-Fi Direct, Wi-Fi hotspot^\n\n Bluetooth: LE, A2DP, apt-X, v5.0^\n\n GPS: BDS, A-GPS, GLONASS^\n\n USB: USB Type-C, OTG^\n\n Pin: 3765 mAh\n ','2020-11-27',1,5,'https://res.cloudinary.com/dwgsm5xpa/image/upload/v1606492674/Image/Realme%20X%204GB/realmeX-5_r3rwxl.jpg'),('9','Vsmart Aris 6gb - 64 gb',6490000,'phone','Vsmart Aris là chiếc điện thoại được sản xuất với sự hợp tác của Vinsmart - trực thuộc tập đoàn Vingroup nổi tiếng và Qualcomm. Máy sở hữu sự cải tiến về thiết kế so với các dòng smartphone trước đây của Vinsmart. Không chỉ thế, máy này còn sở hữu nhiều tính năng đặc sắc mà nổi bật và bảo mật lượng tử hiện đại. Ngoài ra, bạn cũng có thể tham khảo điện thoại Vsmart Aris Pro với camera ẩn dưới màn hình độc đáo.','\nHãng sản xuất: Vsmart^\n\n Kích thước: Đang cập nhật^\n\n Trọng lượng: Đang cập nhật^\n\n Bộ nhớ đệm / Ram: 6 GB^\n\n Bộ nhớ trong: 64 GB^\n\n Loại SIM: 2 SIM (Nano-SIM)^\n\n Loại màn hình: Super Amoled, 16 triệu màu^\n\n Kích thước màn hình: 6.39 inches^\n\n Độ phân giải màn hình: 1080 x 1620 pixels^\n\n Hệ điều hành: Android^\n\n Phiên bản hệ điều hành: Android 10, VOS 3.0^\n\n Chipset: Snapdragon 730G 8 nhân^\n\n CPU: Qualcomm® Kryo™ 470^\n\n GPU: Qualcomm® Adreno™ 618^\n\n Camera sau: 64MP + 8MP + 8MP + 2MP^\n\n Camera trước: 20MP^\n\n 3G: HSPA 42.2/5.76 Mbps, EV-DO Rev.A 3.1 Mbps^\n\n 4G: LTE-A (4CA) Cat16 1024/150 Mbps^\n\n WLAN: Wi-Fi 802.11 a/b/g/n/ac, dual-band, Wi-Fi Direct, hotspot^\n\n Bluetooth: 5.1, A2DP, LE, aptX HD^\n\n GPS: A-GPS, GLONASS^\n\n USB: 3.1, Type-C 1.0^\n\n Cảm biến: Cảm biến vân tay, cảm biến gia tốc, cảm biến tiệm cận, cảm biến sáng, con quay hồi chuyển, la bàn^\n\n Pin	4,000mAh, sạc nhanh Quick Charge 3.0 18W\n ','2020-11-27',0,NULL,'https://res.cloudinary.com/dwgsm5xpa/image/upload/v1606492764/Image/Vsmart%20Aris%206gb%20-%2064%20gb/vsmart-aris-3_eafdvb.jpg');
/*!40000 ALTER TABLE `products` ENABLE KEYS */;
UNLOCK TABLES;

--
-- Table structure for table `products_type`
--

DROP TABLE IF EXISTS `products_type`;
/*!40101 SET @saved_cs_client     = @@character_set_client */;
/*!50503 SET character_set_client = utf8mb4 */;
CREATE TABLE `products_type` (
  `id_product_type` varchar(100) CHARACTER SET utf8 COLLATE utf8_unicode_ci NOT NULL,
  `product_type_name` varchar(200) DEFAULT NULL,
  PRIMARY KEY (`id_product_type`)
) ENGINE=InnoDB DEFAULT CHARSET=utf8;
/*!40101 SET character_set_client = @saved_cs_client */;

--
-- Dumping data for table `products_type`
--

LOCK TABLES `products_type` WRITE;
/*!40000 ALTER TABLE `products_type` DISABLE KEYS */;
INSERT INTO `products_type` VALUES ('laptop','Laptop'),('phone','Điện thoại');
/*!40000 ALTER TABLE `products_type` ENABLE KEYS */;
UNLOCK TABLES;

--
-- Table structure for table `rating`
--

DROP TABLE IF EXISTS `rating`;
/*!40101 SET @saved_cs_client     = @@character_set_client */;
/*!50503 SET character_set_client = utf8mb4 */;
CREATE TABLE `rating` (
  `id_user` varchar(100) CHARACTER SET utf8 COLLATE utf8_unicode_ci DEFAULT NULL,
  `id_product` varchar(100) CHARACTER SET utf8 COLLATE utf8_unicode_ci DEFAULT NULL,
  `rate` int NOT NULL,
  `ratedate` datetime NOT NULL,
  `cmt` text NOT NULL,
  `id_rate` varchar(100) NOT NULL,
  PRIMARY KEY (`id_rate`),
  KEY `id_product` (`id_product`),
  KEY `id_user` (`id_user`)
) ENGINE=InnoDB DEFAULT CHARSET=utf8;
/*!40101 SET character_set_client = @saved_cs_client */;

--
-- Dumping data for table `rating`
--

LOCK TABLES `rating` WRITE;
/*!40000 ALTER TABLE `rating` DISABLE KEYS */;
INSERT INTO `rating` VALUES ('M7AV7U1F','25',5,'2020-11-29 17:16:18','Quá tuyệt vời, khá ấn tượng với hệ thống tản nhiệt','07YS07UU'),('81P36KGK','15',5,'2020-12-11 23:13:49','good','11FG91QA'),('K0UKDASB','18',4,'2020-12-11 23:20:40','Tạm ổn','16SS15YF'),('DYSXKYH9','22',5,'2020-12-10 18:50:45','Đẹp','27OK21KN'),('K0UKDASB','7',4,'2020-12-11 23:21:50','Giá ổn, chất lượng tốt trong tầm giá','39AY11AP'),('39RI33BU','13',3,'2020-12-11 12:30:52','giao hàng lâu','44LG75MJ'),('M7AV7U1F','10',5,'2020-11-29 17:01:52','Sản phẩm tốt, rất hài lòng','65TK00ER'),('M7AV7U1F','7',5,'2020-12-11 23:18:11','Khá ngon trong tầm giá','93VS30YB');
/*!40000 ALTER TABLE `rating` ENABLE KEYS */;
UNLOCK TABLES;

--
-- Table structure for table `user`
--

DROP TABLE IF EXISTS `user`;
/*!40101 SET @saved_cs_client     = @@character_set_client */;
/*!50503 SET character_set_client = utf8mb4 */;
CREATE TABLE `user` (
  `id_user` varchar(100) CHARACTER SET utf8 COLLATE utf8_unicode_ci NOT NULL,
  `email` varchar(50) CHARACTER SET utf8 COLLATE utf8_unicode_ci NOT NULL,
  `loginname` varchar(50) CHARACTER SET utf8 COLLATE utf8_unicode_ci NOT NULL,
  `username` varchar(100) NOT NULL,
  `address` varchar(200) DEFAULT NULL,
  `citizen_identification` varchar(20) DEFAULT NULL,
  `phone_number` varchar(20) DEFAULT NULL,
  `gender` tinyint(1) DEFAULT NULL,
  `userpassword` text CHARACTER SET utf8 COLLATE utf8_unicode_ci NOT NULL,
  `acc_created` timestamp NOT NULL DEFAULT CURRENT_TIMESTAMP ON UPDATE CURRENT_TIMESTAMP,
  `avatar` varchar(500) CHARACTER SET utf8 COLLATE utf8_unicode_ci DEFAULT NULL,
  `rate` int DEFAULT NULL,
  `last_login` varchar(45) CHARACTER SET utf8 COLLATE utf8_unicode_ci DEFAULT NULL,
  `birthday` varchar(45) CHARACTER SET utf8 COLLATE utf8_unicode_ci DEFAULT NULL,
  PRIMARY KEY (`id_user`),
  UNIQUE KEY `email` (`email`),
  UNIQUE KEY `loginname` (`loginname`),
  UNIQUE KEY `citizen_identification` (`citizen_identification`)
) ENGINE=InnoDB DEFAULT CHARSET=utf8;
/*!40101 SET character_set_client = @saved_cs_client */;

--
-- Dumping data for table `user`
--

LOCK TABLES `user` WRITE;
/*!40000 ALTER TABLE `user` DISABLE KEYS */;
INSERT INTO `user` VALUES ('49CL24KS','nhultd@gmail.com','diemnhu123','Lê Thị Diễm Như','31 Lê bình, p4, q.tb, hcm','320156421','0365478852',1,'$2a$10$eBeNVQ3vpitw4hbK1RGzvOeMh0dF67R/Nc1hhTUWz4zyxKtYH4ava','2020-12-11 11:29:06','',NULL,'2020-12-11 18:28:32','1991-11-17'),('4VXM3H5F','vanquyen@gmail.com','vanquyen','Nguyễn Văn Quyền','302 Hoàng Văn Thụ, p4, q.TB','2415663214','0365246985',0,'$2y$12$5x/WAgUfiO1eumleWWZtxuIdLI/KbocxdoxaF/5hfcNmU8lV5pUEG','2020-12-11 11:37:42','',NULL,'2020-12-11 18:37:22','2000-01-19'),('81P36KGK','minhngoc@gmail.com','minhngoc','Hoàng Minh Ngọc','222 Lê Văn Sĩ, p14, q3','231002236','0322114587',1,'$2y$12$UPbypayhj5sgg7pIzNfh2.GpaiwpDPN86EJPjpVsaf/KTeqa66LGm','2020-12-11 16:12:46','avatar_011',NULL,'2020-12-11 23:12:06','1998-03-12'),('85PD78QD','lanhuong@gmail.com','lanhuong','Lý Lan Hương','242 cộng hoà','632142516','03695214758',1,'$2a$10$0eAWenBNCygfmSbndVHXsuH0ypsyYGN.21UOXA1rgANSImLsBcQb.','2020-12-11 11:39:49','avatar_013',NULL,'2020-12-11 18:39:16','1999-05-08'),('BJQ6S4VF','truonghoanglong@gmail.com','hoanglong','Trương Hoàng Long','Quận 1, Hồ Chí Minh','25658925156115','0347574458',0,'$2y$12$Z4BYId.woL.mf2u.ta/Vr.PX7oMy5WjmPeqJYYe1DpBiJervwtf9e','2020-12-11 10:59:24','',NULL,'2020-11-28 16:36:46','2000-11-10'),('C4GZ53QK','truonggiabao@gmail.com','giabao2k','Trương Gia Bảo','124 Xô Viết Nghệ TĩnhPhường 21, Bình Thạnh','2658932541','0963065002',0,'$2y$12$BnIKiUXtcEnh1JPz0tsoVueQvA6VwWPM2dqMDQCq0fCZWL9UCzs8S','2020-12-11 10:59:59','avatar_010',NULL,'2020-11-29 17:24:17','1998-06-10'),('DYSXKYH9','thuylinh@gmail.com','thuylinh','Bùi Thị Thùy Linh','75 An Dương Vương, Quận 5, Hồ Chí Minh','213654987','0369521478',1,'$2y$12$BY9T/jdDpovW7OTXLrjsp.CuXkMALisjOYMbi3nzll59/kq5UtZ0O','2020-12-11 11:00:28','avatar_014',NULL,'2020-12-10 18:48:11','2000-12-02'),('F3Z44YZC','lebadao@gmail.com','lebadao','Lê Bá Đạo','124 Âu CơPhường 10, Tân Bình, HCM\r\n',NULL,'0965525446',0,'$2y$12$XkYFWiy9lBpFzWT9KUEzMea55ihFsDpOsbwcrBpgjXB9GF5Ko4RUq','2020-12-11 11:01:02',NULL,NULL,NULL,NULL),('JT2Q36LY','trandangkhoa@gmail.com','dangkhoa','Trần Đăng Khoa','Thủ Đức, Hồ Chí Minh','266778801','0364215524',0,'$2y$12$/iJdMdo50QLxBulH9f1NIeTKT0I2BfmREMZjG0S.26E.Mx9k71foG','2020-12-11 16:11:25','avatar_002',NULL,'2020-12-11 23:10:38','1999-02-06'),('K0UKDASB','viettranvan0210@gmail.com','viettran01','Trần Văn Việt','Đăk Lăk','123654789','0394848858',0,'$2a$10$HV8iV/akE64pujsKuE.mHuw/nf2SkgtSRlpy0dVELG4OHVkbrg1R6','2020-12-11 16:19:28','avatar_001',NULL,'2020-12-11 23:19:28','1999-10-02'),('KJM105V6','ngochtm@gmail.com','ngochuynh','Huỳnh Thị Mỹ Ngọc','333 điện biên phủ, p4, q3','233660258','0965064325',1,'$2y$12$KLGYtNHZKlKJNzls1KM3kOlJRMKBvcM6NXMbKdmh.tO2S1.Cpglmm','2020-12-11 16:08:51','avatar_009',NULL,'2020-12-11 23:07:23','2020-08-05'),('KT8U1AWV','nguyenlanhuong@gmail.com','huongnguyen','Nguyễn Lan Hương','351 Lạc Long Quân, p5, quận 11, hcm','24177014','236669814',1,'$2y$12$UPbypayhj5sgg7pIzNfh2.GpaiwpDPN86EJPjpVsaf/KTeqa66LGm','2020-12-11 16:09:57','avatar_001',NULL,'2020-12-11 23:09:24','2000-04-05'),('M7AV7U1F','viettranvan2k@gmail.com','viettranvan','Trần Văn Việt','8/79 Nguyễn Đình Khơi, P4, Q.TB','241770141','0394848858',0,'$2y$12$vWZ4siZmbGW3LWL1zK09CeMSoXdS5c4W4Z9OCacyzCAt7x6vUEcCq','2020-12-12 09:04:12','avatar_005',5,'2020-12-12 16:04:12','2000-10-02'),('N7QDJY9J','lethimyhanh@gmail.com','lamyhanh','Lê Thị Mỹ Hạnh','256 Lý Thường Kiệt, P7, Q.TB','210036220','0369542151',1,'$2y$12$LiJug/N5EGAZjT.MCzWJieL17yEjW/HZCVXTr8IzKdnpEgIyCftMK','2020-12-11 16:06:33','',NULL,'2020-12-11 23:06:07','2000-07-27'),('PDKCMHMX','tranletuongvi@gmail.com','letuongvi','Trần Lê Tường Vi','325 Lê Văn Quới, Bình Trị Đông, Bình Tân','236330258','0970265425',1,'$2y$12$y1NiuAWDPwrli.t.Xhu6..lSsF6C8S.iIjU5bfzutfy9nRppITHOS','2020-12-11 11:52:07','avatar_015',NULL,'2020-12-11 18:51:15','2000-12-06'),('PI8M7UFH','voquantanthanh@gmail.com','tanthanh','Võ Quang Tấn Thành','Thủ Đức, Hồ Chí Minh','214220110','0364897654',0,'$2y$12$5x/WAgUfiO1eumleWWZtxuIdLI/KbocxdoxaF/5hfcNmU8lV5pUEG','2020-12-11 11:48:21','avatar_010',NULL,'2020-12-11 18:46:42','2000-12-04'),('PUDM4YNM','trancongtai@gmail.com','trancongtai','Trần Công Tài','Thủ Đức, Hồ Chí Minh','256135142','0326589974',0,'$2y$12$dmd7GajnV3yLVmpcjFp3LOdf8s7ktUuoYNRMzihDltzN.g21HRD5e','2020-12-11 11:22:49','',NULL,'2020-11-29 17:23:00','2000-09-05'),('R0NHQEPM','uyen8149@gmail.com','thanhuyen','Phan Thị Thanh Uyên','Quận Phú Nhuận, Hồ Chí Minh','201325462','0321425698',1,'$2y$12$5x/WAgUfiO1eumleWWZtxuIdLI/KbocxdoxaF/5hfcNmU8lV5pUEG','2020-12-11 11:45:55','avatar_012',NULL,'2020-12-11 18:45:29','2000-10-25'),('TMXA4OM7','kulonghoa2000@gmail.com','duytruong','Nguyễn Duy Trường','Bình Dương','421563210','0324231125',0,'$2y$12$23HonwixnpnUKVE26mB1uu1Q6MPHOi38a8gcfsUPLKuNiwBbT4RmK','2020-12-11 11:41:05','',NULL,'2020-12-11 18:40:29','2000-10-19'),('TR9E2761','ngolanhuong@gmail.com','ngolanhuong','Ngô Lan Hương','Hồ Chí Minh','210423201','0365752245',1,'$2y$12$GyW//3Z.Zccdl03BBHgxbuAsJgzADwG67S4FiPASpeegJEf9/zRGC','2020-12-11 11:44:15','',NULL,'2020-12-11 18:43:51','2000-02-18'),('UHMLZLF2','thinhtran122000@gmail.com','thinhtran','Trần Duy Thịnh','50/3 Lạc Long Quân,Phường 3, Q11','203126542','0326521452',0,'$2y$12$tFSqTSXEeKIhC9Add.b3U.5F3kKXB4iyx28zl6gxqrDUGc3ksI6Pi','2020-12-11 11:43:17','',NULL,'2020-12-11 18:42:33','2000-05-26'),('ZPX8H1AB','hvan.cuteo.023@gmail.com','ngohuuvan','Ngô Hữu Văn','Tiền Giang','326547895','0354726514',0,'$2y$12$t2X56.TWhX3qf9cPHSc99efA0QLBFzWMdUhANIEuocBCJkHJ/465a','2020-12-11 11:38:55','avatar_004',NULL,'2020-12-11 18:38:21','2020-05-08');
/*!40000 ALTER TABLE `user` ENABLE KEYS */;
UNLOCK TABLES;
/*!40103 SET TIME_ZONE=@OLD_TIME_ZONE */;

/*!40101 SET SQL_MODE=@OLD_SQL_MODE */;
/*!40014 SET FOREIGN_KEY_CHECKS=@OLD_FOREIGN_KEY_CHECKS */;
/*!40014 SET UNIQUE_CHECKS=@OLD_UNIQUE_CHECKS */;
/*!40101 SET CHARACTER_SET_CLIENT=@OLD_CHARACTER_SET_CLIENT */;
/*!40101 SET CHARACTER_SET_RESULTS=@OLD_CHARACTER_SET_RESULTS */;
/*!40101 SET COLLATION_CONNECTION=@OLD_COLLATION_CONNECTION */;
/*!40111 SET SQL_NOTES=@OLD_SQL_NOTES */;

-- Dump completed on 2020-12-12 16:14:18
